data_state,county,poverty_estimate,poverty_percentage
AL,Autauga,6723,12.1
AL,Baldwin,22360,10.1
AL,Barbour,5909,27.1
AL,Bibb,4101,20.3
AL,Blount,9324,16.3
AL,Bullock,2537,30
AL,Butler,4124,21.6
AL,Calhoun,18988,17.2
AL,Chambers,6415,19.6
AL,Cherokee,4121,15.9
AL,Chilton,7044,16
AL,Choctaw,2811,22.6
AL,Clarke,4281,18.4
AL,Clay,2156,16.6
AL,Cleburne,1945,13.3
AL,Coffee,7734,15
AL,Colbert,7998,14.6
AL,Conecuh,2662,22.2
AL,Coosa,1789,17.1
AL,Covington,6269,17.2
AL,Crenshaw,2289,16.8
AL,Cullman,10088,12.2
AL,Dale,8727,18.1
AL,Dallas,9533,26
AL,DeKalb,12848,18.2
AL,Elmore,8753,11.4
AL,Escambia,6980,20.5
AL,Etowah,18801,18.8
AL,Fayette,2721,17
AL,Franklin,4989,16.1
AL,Geneva,4180,16.1
AL,Greene,2553,31.7
AL,Hale,2956,20.5
AL,Henry,2919,17.2
AL,Houston,20207,19.4
AL,Jackson,7481,14.7
AL,Jefferson,104288,16.2
AL,Lamar,2070,15.3
AL,Lauderdale,14193,15.7
AL,Lawrence,5773,17.7
AL,Lee,24731,15.5
AL,Limestone,11535,12
AL,Lowndes,2555,26.6
AL,Macon,4817,29.3
AL,Madison,41789,11.5
AL,Marengo,4601,24.8
AL,Marion,4883,16.9
AL,Marshall,14989,15.7
AL,Mobile,71784,17.7
AL,Monroe,4770,23.3
AL,Montgomery,34268,15.8
AL,Morgan,16146,13.7
AL,Perry,2778,33.9
AL,Pickens,4380,24.3
AL,Pike,6742,21.8
AL,Randolph,3906,17.5
AL,Russell,10823,18.9
AL,St. Clair,9780,11.2
AL,Shelby,13428,6.2
AL,Sumter,4195,36.4
AL,Talladega,13326,17.4
AL,Tallapoosa,6341,16
AL,Tuscaloosa,32226,16.2
AL,Walker,10837,17.3
AL,Washington,2998,18.6
AL,Wilcox,3329,32.5
AL,Winston,3882,16.7
AK,Aleutians East Borough,492,14.8
AK,Aleutians West Census Area,414,7.6
AK,Anchorage Borough,26636,9.5
AK,Bethel Census Area,4249,23.5
AK,Bristol Bay Borough,80,9.8
AK,Denali Borough,132,6.6
AK,Dillingham Census Area,883,18.1
AK,Fairbanks North Star Borough,6656,7.2
AK,Haines Borough,247,9.8
AK,Hoonah-Angoon Census Area,336,15.7
AK,Juneau Borough,1951,6.3
AK,Kenai Peninsula Borough,5966,10.4
AK,Ketchikan Gateway Borough,1283,9.4
AK,Kodiak Island Borough,909,7.1
AK,Kusilvak Census Area,2217,26.8
AK,Lake and Peninsula Borough,275,17.4
AK,Matanuska-Susitna Borough,10142,9.6
AK,Nome Census Area,2033,20.7
AK,North Slope Borough,1109,11.4
AK,Northwest Arctic Borough,1805,24
AK,Petersburg Borough,219,6.7
AK,Prince of Wales-Hyder Census Area,1085,17.6
AK,Sitka Borough,672,8.1
AK,Skagway Municipality,47,4
AK,Southeast Fairbanks Census Area,823,12
AK,Valdez-Cordova Census Area,781,8.6
AK,Wrangell City and Borough,240,9.7
AK,Yakutat Borough,85,14.7
AK,Yukon-Koyukuk Census Area,1266,24.4
AZ,Apache,23680,33.4
AZ,Cochise,20172,16.6
AZ,Coconino,20817,15.9
AZ,Gila,11219,21.1
AZ,Graham,7207,20.1
AZ,Greenlee,876,9.3
AZ,La Paz,4593,22.1
AZ,Maricopa,539670,12.2
AZ,Mohave,33183,16
AZ,Navajo,27440,25.2
AZ,Pima,142859,14
AZ,Pinal,52975,12.1
AZ,Santa Cruz,8688,18.8
AZ,Yavapai,27845,12
AZ,Yuma,41782,20.4
AR,Arkansas,2714,15.8
AR,Ashley,3603,18.5
AR,Baxter,5248,12.7
AR,Benton,24525,8.9
AR,Boone,5572,15.1
AR,Bradley,2426,22.9
AR,Calhoun,771,15.4
AR,Carroll,4118,14.7
AR,Chicot,2900,31
AR,Clark,3971,20.6
AR,Clay,2691,18.7
AR,Cleburne,3452,14.1
AR,Cleveland,1080,13.7
AR,Columbia,4509,21.2
AR,Conway,3215,15.6
AR,Craighead,17960,16.9
AR,Crawford,11436,18.3
AR,Crittenden,10520,22.4
AR,Cross,2874,17.8
AR,Dallas,1241,18.8
AR,Desha,2859,25.4
AR,Drew,3191,18.5
AR,Faulkner,17459,14.4
AR,Franklin,2830,16.2
AR,Fulton,2169,17.7
AR,Garland,16532,16.9
AR,Grant,2189,12.1
AR,Greene,6925,15.5
AR,Hempstead,3930,18.5
AR,Hot Spring,6322,20.2
AR,Howard,2176,16.8
AR,Independence,5852,15.9
AR,Izard,2003,15.9
AR,Jackson,3313,22.9
AR,Jefferson,14942,24.4
AR,Johnson,4521,17.5
AR,Lafayette,1655,25.5
AR,Lawrence,2887,18.4
AR,Lee,2515,35.4
AR,Lincoln,2567,27.1
AR,Little River,2157,17.8
AR,Logan,3640,17.4
AR,Lonoke,7760,10.7
AR,Madison,2699,16.4
AR,Marion,2687,16.3
AR,Miller,5909,14.1
AR,Mississippi,9128,23
AR,Monroe,1681,25.5
AR,Montgomery,1756,19.9
AR,Nevada,1951,24.1
AR,Newton,1386,18.1
AR,Ouachita,3969,17.3
AR,Perry,1710,16.5
AR,Phillips,5841,33.3
AR,Pike,1769,16.9
AR,Poinsett,5339,23.1
AR,Polk,3991,20.2
AR,Pope,10218,16.9
AR,Prairie,1190,15
AR,Pulaski,56020,14.6
AR,Randolph,3036,17.3
AR,St. Francis,6679,32
AR,Saline,11665,9.6
AR,Scott,1983,19.6
AR,Searcy,1740,22.4
AR,Sebastian,19923,15.9
AR,Sevier,2962,17.7
AR,Sharp,4007,23.3
AR,Stone,2378,19.3
AR,Union,7216,18.9
AR,Van Buren,3235,19.9
AR,Washington,34731,15.1
AR,White,11613,15.4
AR,Woodruff,1678,27.1
AR,Yell,3265,15.6
CA,Alameda,146315,8.9
CA,Alpine,193,17.2
CA,Amador,3462,9.8
CA,Butte,34503,16.1
CA,Calaveras,5477,12.1
CA,Colusa,2554,12
CA,Contra Costa,90482,7.9
CA,Del Norte,4445,17.9
CA,El Dorado,16649,8.7
CA,Fresno,200873,20.5
CA,Glenn,3397,12.1
CA,Humboldt,25136,19.1
CA,Imperial,38020,22
CA,Inyo,2071,11.7
CA,Kern,164817,19
CA,Kings,21840,16
CA,Lake,11622,18.3
CA,Lassen,3789,16.5
CA,Los Angeles,1319242,13.4
CA,Madera,26309,17.6
CA,Marin,17357,6.9
CA,Mariposa,2565,15.1
CA,Mendocino,11980,14
CA,Merced,46011,17
CA,Modoc,1757,20.5
CA,Mono,1437,10.1
CA,Monterey,52484,12.6
CA,Napa,9897,7.4
CA,Nevada,9268,9.4
CA,Orange,297658,9.5
CA,Placer,26170,6.6
CA,Plumas,2432,13.2
CA,Riverside,274953,11.3
CA,Sacramento,192993,12.6
CA,San Benito,6518,10.4
CA,San Bernardino,284359,13.3
CA,San Diego,335034,10.3
CA,San Francisco,82616,9.5
CA,San Joaquin,101772,13.6
CA,San Luis Obispo,31180,11.6
CA,San Mateo,46328,6.1
CA,Santa Barbara,51298,12
CA,Santa Clara,116401,6.1
CA,Santa Cruz,27531,10.6
CA,Shasta,23508,13.3
CA,Sierra,375,12.7
CA,Siskiyou,7484,17.4
CA,Solano,39018,9
CA,Sonoma,34758,7.2
CA,Stanislaus,70741,13
CA,Sutter,12310,12.8
CA,Tehama,10484,16.3
CA,Trinity,1986,16.5
CA,Tulare,86940,18.9
CA,Tuolumne,5781,11.3
CA,Ventura,68482,8.2
CA,Yolo,35608,16.9
CA,Yuba,11748,15.2
CO,Adams,47464,9.3
CO,Alamosa,3019,19.6
CO,Arapahoe,47072,7.2
CO,Archuleta,1502,10.8
CO,Baca,675,19.3
CO,Bent,1354,34.4
CO,Boulder,33965,10.7
CO,Broomfield,2865,4.1
CO,Chaffee,2070,11
CO,Cheyenne,243,13.7
CO,Clear Creek,709,7.4
CO,Conejos,1624,19.9
CO,Costilla,955,24.6
CO,Crowley,1249,40
CO,Custer,577,11.8
CO,Delta,4602,15.1
CO,Denver,86020,12.1
CO,Dolores,262,12.8
CO,Douglas,9622,2.7
CO,Eagle,4365,7.9
CO,Elbert,1514,5.7
CO,El Paso,61692,8.8
CO,Fremont,6361,16.1
CO,Garfield,5694,9.6
CO,Gilpin,421,6.8
CO,Grand,1271,8.1
CO,Gunnison,1920,11.6
CO,Hinsdale,72,8.9
CO,Huerfano,1349,20
CO,Jackson,175,12.6
CO,Jefferson,41258,7.2
CO,Kiowa,188,13.5
CO,Kit Carson,927,13.2
CO,Lake,913,11.4
CO,La Plata,6127,11.3
CO,Larimer,35894,10.3
CO,Las Animas,2407,17.6
CO,Lincoln,793,17
CO,Logan,2389,12.9
CO,Mesa,16840,11.2
CO,Mineral,72,9.4
CO,Moffat,1611,12.2
CO,Montezuma,3856,14.9
CO,Montrose,5565,13.2
CO,Morgan,3386,11.9
CO,Otero,4297,24.2
CO,Ouray,342,6.9
CO,Park,1602,8.6
CO,Phillips,435,10.4
CO,Pitkin,1099,6.2
CO,Prowers,2159,18.2
CO,Pueblo,29187,17.8
CO,Rio Blanco,624,10.3
CO,Rio Grande,1591,14.4
CO,Routt,1820,7.2
CO,Saguache,1726,25.4
CO,San Juan,99,13.7
CO,San Miguel,804,9.9
CO,Sedgwick,323,14.6
CO,Summit,1963,6.4
CO,Teller,1990,7.9
CO,Washington,556,11.8
CO,Weld,26547,8.4
CO,Yuma,1255,12.8
CT,Fairfield,83047,9
CT,Hartford,93694,10.8
CT,Litchfield,12741,7.1
CT,Middlesex,11024,7
CT,New Haven,99423,12
CT,New London,19739,7.8
CT,Tolland,10559,7.8
CT,Windham,12874,11.5
DE,Kent,22195,12.7
DE,New Castle,56289,10.4
DE,Sussex,27742,12.1
FL,Alachua,46916,18.4
FL,Baker,3914,14.9
FL,Bay,20643,12.1
FL,Bradford,5011,21
FL,Brevard,55578,9.4
FL,Broward,237486,12.3
FL,Calhoun,2508,20.3
FL,Charlotte,21188,11.4
FL,Citrus,22291,15.2
FL,Clay,18095,8.3
FL,Collier,35928,9.4
FL,Columbia,10338,15.6
FL,DeSoto,7626,21.8
FL,Dixie,3338,22.2
FL,Duval,126963,13.5
FL,Escambia,46519,15.5
FL,Flagler,11049,9.7
FL,Franklin,1995,19.2
FL,Gadsden,8472,19.7
FL,Gilchrist,2601,15
FL,Glades,2377,19.3
FL,Gulf,1848,14
FL,Hamilton,3794,32.5
FL,Hardee,5614,22.1
FL,Hendry,8086,19.5
FL,Hernando,23779,12.4
FL,Highlands,16519,15.8
FL,Hillsborough,195684,13.5
FL,Holmes,3587,20.1
FL,Indian River,18179,11.5
FL,Jackson,7769,19.4
FL,Jefferson,2276,17.6
FL,Lafayette,1289,18
FL,Lake,39419,10.9
FL,Lee,85295,11.2
FL,Leon,58203,20.8
FL,Levy,7458,18.2
FL,Liberty,1453,23
FL,Madison,3732,22.7
FL,Manatee,44991,11.3
FL,Marion,52950,14.9
FL,Martin,14000,8.9
FL,Miami-Dade,419056,15.7
FL,Monroe,7239,9.9
FL,Nassau,7951,9
FL,Okaloosa,21866,10.6
FL,Okeechobee,7189,18.4
FL,Orange,171599,12.6
FL,Osceola,49803,13.4
FL,Palm Beach,168026,11.4
FL,Pasco,61716,11.3
FL,Pinellas,108948,11.4
FL,Polk,99590,14
FL,Putnam,16318,22.4
FL,St. Johns,16829,6.4
FL,St. Lucie,34008,10.5
FL,Santa Rosa,17435,9.8
FL,Sarasota,33144,7.8
FL,Seminole,43741,9.3
FL,Sumter,11078,8.9
FL,Suwannee,7144,17.1
FL,Taylor,3792,19.9
FL,Union,2065,19.9
FL,Volusia,70554,13.1
FL,Wakulla,3651,12
FL,Walton,7740,10.8
FL,Washington,4587,20.1
GA,Appling,3737,20.9
GA,Atkinson,1887,23.2
GA,Bacon,2080,19.2
GA,Baker,749,24.8
GA,Baldwin,8934,22.9
GA,Banks,2454,12.8
GA,Barrow,8021,9.7
GA,Bartow,13243,12.5
GA,Ben Hill,3738,22.8
GA,Berrien,3843,20.1
GA,Bibb,33912,23.2
GA,Bleckley,2112,18.5
GA,Brantley,3056,16.1
GA,Brooks,3372,21.9
GA,Bryan,3073,7.8
GA,Bulloch,15945,21.9
GA,Burke,5197,23.6
GA,Butts,3217,14.7
GA,Calhoun,1608,35.9
GA,Camden,7219,13.8
GA,Candler,2427,23.1
GA,Carroll,17148,14.9
GA,Catoosa,6704,10
GA,Charlton,2804,25.9
GA,Chatham,40565,14.8
GA,Chattahoochee,1547,18.5
GA,Chattooga,4085,17.4
GA,Cherokee,16725,6.5
GA,Clarke,30277,25.7
GA,Clay,797,28.8
GA,Clayton,45655,16
GA,Clinch,1435,22
GA,Cobb,62275,8.3
GA,Coffee,8048,20.2
GA,Colquitt,9738,21.9
GA,Columbia,8747,5.6
GA,Cook,3654,21.4
GA,Coweta,13318,9
GA,Crawford,1875,15.3
GA,Crisp,5830,26.7
GA,Dade,2038,13.5
GA,Dawson,2267,8.8
GA,Decatur,5915,23.4
GA,DeKalb,95805,12.9
GA,Dodge,3853,20.6
GA,Dooly,3236,28.2
GA,Dougherty,23192,27.6
GA,Douglas,15842,10.9
GA,Early,2733,27.3
GA,Echols,861,21.6
GA,Effingham,5784,9.1
GA,Elbert,3897,20.6
GA,Emanuel,4441,20.9
GA,Evans,2459,24.1
GA,Fannin,3144,12.1
GA,Fayette,6105,5.4
GA,Floyd,15537,16.4
GA,Forsyth,11024,4.5
GA,Franklin,3887,17.3
GA,Fulton,141979,13.8
GA,Gilmer,4543,14.6
GA,Glascock,486,16.9
GA,Glynn,12943,15.4
GA,Gordon,7001,12.3
GA,Grady,5276,21.7
GA,Greene,2709,15
GA,Gwinnett,85810,9.2
GA,Habersham,6515,15.2
GA,Hall,27137,13.5
GA,Hancock,2225,31.2
GA,Haralson,4223,14.4
GA,Harris,2270,6.5
GA,Hart,3717,14.6
GA,Heard,1958,16.7
GA,Henry,18819,8.1
GA,Houston,17079,11
GA,Irwin,1699,20.5
GA,Jackson,7418,10.3
GA,Jasper,1748,12.4
GA,Jeff Davis,3169,21.2
GA,Jefferson,3710,25.1
GA,Jenkins,2162,29
GA,Johnson,1931,24.2
GA,Jones,3629,12.8
GA,Lamar,2641,14.8
GA,Lanier,1871,18.5
GA,Laurens,11049,23.9
GA,Lee,2715,9.3
GA,Liberty,8680,14.5
GA,Lincoln,1357,17.3
GA,Long,2726,14.2
GA,Lowndes,22685,20.4
GA,Lumpkin,4432,14.5
GA,McDuffie,3792,18
GA,McIntosh,2671,18.7
GA,Macon,3249,29.4
GA,Madison,4608,15.6
GA,Marion,1745,21.1
GA,Meriwether,4634,22.2
GA,Miller,1193,21.3
GA,Mitchell,6048,30.7
GA,Monroe,2787,10.6
GA,Montgomery,1619,19.4
GA,Morgan,2109,11.1
GA,Murray,5755,14.5
GA,Muscogee,34694,18.4
GA,Newton,12348,11.2
GA,Oconee,2236,5.6
GA,Oglethorpe,1922,12.8
GA,Paulding,11461,6.8
GA,Peach,5203,19.8
GA,Pickens,3327,10.3
GA,Pierce,3157,16.4
GA,Pike,1615,8.7
GA,Polk,6816,16.2
GA,Pulaski,2048,20.7
GA,Putnam,3316,15.1
GA,Quitman,523,22.8
GA,Rabun,2181,13
GA,Randolph,1635,25.3
GA,Richmond,41081,21.7
GA,Rockdale,10873,12.1
GA,Schley,834,15.9
GA,Screven,3239,24.1
GA,Seminole,1808,22.6
GA,Spalding,11537,17.7
GA,Stephens,3794,15
GA,Stewart,1702,34.7
GA,Sumter,7420,26.7
GA,Talbot,1210,19.6
GA,Taliaferro,345,22.5
GA,Tattnall,5507,26.5
GA,Taylor,1810,22.9
GA,Telfair,3516,27.7
GA,Terrell,2325,28.2
GA,Thomas,7894,18
GA,Tift,8380,21.5
GA,Toombs,5086,19.2
GA,Towns,1376,12.7
GA,Treutlen,2043,31.6
GA,Troup,13009,19.2
GA,Turner,2132,28
GA,Twiggs,1522,19
GA,Union,2800,11.6
GA,Upson,4932,19.1
GA,Walker,10034,14.7
GA,Walton,10070,10.8
GA,Ware,8742,26.3
GA,Warren,1372,26.5
GA,Washington,3940,21.4
GA,Wayne,5116,18.4
GA,Webster,477,18.4
GA,Wheeler,1821,34.2
GA,White,3259,10.9
GA,Whitfield,13110,12.7
GA,Wilcox,1991,29.4
GA,Wilkes,1875,19.6
GA,Wilkinson,1491,17
GA,Worth,4061,20.3
HI,Hawaii,26071,13.1
HI,Honolulu,74282,7.9
HI,Kauai,6659,9.3
HI,Maui,17638,10.7
ID,Ada,44023,9.4
ID,Adams,539,12.7
ID,Bannock,11554,13.5
ID,Bear Lake,717,11.8
ID,Benewah,1415,15.4
ID,Bingham,5145,11.1
ID,Blaine,1657,7.2
ID,Boise,899,11.6
ID,Bonner,5689,12.6
ID,Bonneville,10953,9.3
ID,Boundary,1794,14.8
ID,Butte,376,14.6
ID,Camas,99,9
ID,Canyon,22828,10.1
ID,Caribou,718,10.1
ID,Cassia,2843,12
ID,Clark,122,14.5
ID,Clearwater,1082,13.5
ID,Custer,556,13
ID,Elmore,3758,14.1
ID,Franklin,1122,8.2
ID,Fremont,1598,12.7
ID,Gem,2266,12.7
ID,Gooding,2285,15.1
ID,Idaho,2227,13.8
ID,Jefferson,2723,9.2
ID,Jerome,3429,14.2
ID,Kootenai,16374,10
ID,Latah,4353,11.7
ID,Lemhi,1070,13.5
ID,Lewis,502,13.2
ID,Lincoln,592,11.2
ID,Madison,10731,27.4
ID,Minidoka,2361,11.3
ID,Nez Perce,4372,11.1
ID,Oneida,507,11.3
ID,Owyhee,1736,14.9
ID,Payette,2615,11
ID,Power,998,13.1
ID,Shoshone,2426,19.1
ID,Teton,931,7.7
ID,Twin Falls,9420,11
ID,Valley,995,8.8
ID,Washington,1345,13.4
IL,Adams,7786,12.3
IL,Alexander,1361,24
IL,Bond,1920,13
IL,Boone,4701,8.9
IL,Brown,674,14.8
IL,Bureau,3594,11.2
IL,Calhoun,452,9.7
IL,Carroll,1560,11.1
IL,Cass,1554,13
IL,Champaign,38566,19.9
IL,Christian,3769,12.3
IL,Clark,1636,10.8
IL,Clay,1793,13.8
IL,Clinton,2645,7.5
IL,Coles,7957,16.8
IL,Cook,659687,13
IL,Crawford,2170,12.6
IL,Cumberland,1075,10.1
IL,DeKalb,12909,13
IL,De Witt,1683,11
IL,Douglas,1544,8
IL,DuPage,54833,6
IL,Edgar,2220,13.2
IL,Edwards,744,11.8
IL,Effingham,3087,9.2
IL,Fayette,2961,15.1
IL,Ford,1256,10
IL,Franklin,6199,16.4
IL,Fulton,4181,13.3
IL,Gallatin,911,19
IL,Greene,1730,13.7
IL,Grundy,2827,5.6
IL,Hamilton,1017,12.7
IL,Hancock,2149,12.3
IL,Hardin,683,18
IL,Henderson,724,11
IL,Henry,4164,8.7
IL,Iroquois,3083,11.6
IL,Jackson,13551,25.4
IL,Jasper,942,9.9
IL,Jefferson,5267,14.9
IL,Jersey,2171,10.4
IL,Jo Daviess,1965,9.3
IL,Johnson,1435,12.9
IL,Kane,43305,8.2
IL,Kankakee,13271,12.7
IL,Kendall,5195,4
IL,Knox,8490,18.6
IL,Lake,49130,7.2
IL,La Salle,12837,12.2
IL,Lawrence,2442,18.4
IL,Lee,3724,12
IL,Livingston,4319,13
IL,Logan,3124,12.8
IL,McDonough,6134,23.3
IL,McHenry,16380,5.4
IL,McLean,23034,14.3
IL,Macon,16762,16.7
IL,Macoupin,5934,13.5
IL,Madison,28284,10.9
IL,Marion,5456,15
IL,Marshall,1007,9
IL,Mason,1592,12.1
IL,Massac,2143,15.9
IL,Menard,986,8.2
IL,Mercer,1233,8.1
IL,Monroe,1423,4.2
IL,Montgomery,4140,16
IL,Morgan,4209,13.8
IL,Moultrie,1218,8.6
IL,Ogle,4684,9.4
IL,Peoria,25825,14.8
IL,Perry,2650,14.4
IL,Piatt,1054,6.5
IL,Pike,2164,14.4
IL,Pope,688,16.9
IL,Pulaski,1171,22
IL,Putnam,435,7.6
IL,Randolph,3499,12.7
IL,Richland,1980,13.1
IL,Rock Island,18669,13.6
IL,St. Clair,33979,13.3
IL,Saline,3556,15.7
IL,Sangamon,23367,12.2
IL,Schuyler,753,11.3
IL,Scott,545,11.2
IL,Shelby,2000,9.4
IL,Stark,587,11.2
IL,Stephenson,4997,11.5
IL,Tazewell,10576,8.2
IL,Union,2835,17.2
IL,Vermilion,12253,16.8
IL,Wabash,1533,13.5
IL,Warren,1805,11.4
IL,Washington,1099,8.1
IL,Wayne,2116,13.1
IL,White,1906,14.5
IL,Whiteside,6176,11.4
IL,Will,44518,6.5
IL,Williamson,8627,13.4
IL,Winnebago,44613,16.1
IL,Woodford,2269,6.1
IN,Adams,4444,12.6
IN,Allen,39176,10.5
IN,Bartholomew,9205,11.2
IN,Benton,752,8.7
IN,Blackford,1474,12.8
IN,Boone,4619,6.9
IN,Brown,1565,10.5
IN,Carroll,1739,8.7
IN,Cass,4630,12.6
IN,Clark,11267,9.7
IN,Clay,2920,11.3
IN,Clinton,3545,11.3
IN,Crawford,1723,16.5
IN,Daviess,3686,11.3
IN,Dearborn,4546,9.3
IN,Decatur,2502,9.6
IN,De Kalb,4040,9.5
IN,Delaware,22680,21.5
IN,Dubois,2465,5.9
IN,Elkhart,19316,9.6
IN,Fayette,3059,13.5
IN,Floyd,8161,10.6
IN,Fountain,2000,12.5
IN,Franklin,2073,9.2
IN,Fulton,1876,9.6
IN,Gibson,3050,9.3
IN,Grant,9713,16
IN,Greene,4242,13.5
IN,Hamilton,14199,4.2
IN,Hancock,3978,5.2
IN,Harrison,3276,8.2
IN,Hendricks,8123,4.9
IN,Henry,5709,12.9
IN,Howard,9880,12.2
IN,Huntington,3407,9.7
IN,Jackson,4391,10.1
IN,Jasper,2854,8.8
IN,Jay,2510,12.5
IN,Jefferson,3476,11.6
IN,Jennings,3169,11.6
IN,Johnson,9294,6
IN,Knox,4381,12.7
IN,Kosciusko,6996,9
IN,Lagrange,2943,7.5
IN,Lake,69073,14.5
IN,La Porte,13771,13.4
IN,Lawrence,4670,10.5
IN,Madison,16056,13.1
IN,Marion,143107,15.2
IN,Marshall,4947,10.9
IN,Martin,1098,10.9
IN,Miami,4162,13
IN,Monroe,27710,20.8
IN,Montgomery,4478,12.1
IN,Morgan,6201,8.9
IN,Newton,1300,9.5
IN,Noble,3662,7.8
IN,Ohio,554,9.6
IN,Orange,2728,14.1
IN,Owen,2447,12
IN,Parke,2308,15.1
IN,Perry,2113,12.1
IN,Pike,1140,9.4
IN,Porter,13421,8.1
IN,Posey,2167,8.6
IN,Pulaski,1357,11.2
IN,Putnam,3408,10.5
IN,Randolph,3222,13.3
IN,Ripley,2525,9.1
IN,Rush,1785,11
IN,St. Joseph,39848,15.3
IN,Scott,3194,13.6
IN,Shelby,4414,10.1
IN,Spencer,1728,8.7
IN,Starke,3046,13.3
IN,Steuben,2846,8.6
IN,Sullivan,2643,14.4
IN,Switzerland,1529,14.5
IN,Tippecanoe,28780,16.1
IN,Tipton,1166,7.8
IN,Union,667,9.6
IN,Vanderburgh,25190,14.4
IN,Vermillion,1859,12.2
IN,Vigo,20241,20.8
IN,Wabash,3163,10.9
IN,Warren,766,9.4
IN,Warrick,3888,6.3
IN,Washington,3325,12.1
IN,Wayne,9577,15.2
IN,Wells,2041,7.4
IN,White,2429,10.3
IN,Whitley,2559,7.7
IA,Adair,750,10.7
IA,Adams,450,12.5
IA,Allamakee,1745,13
IA,Appanoose,2373,19.3
IA,Audubon,587,10.9
IA,Benton,1964,7.8
IA,Black Hawk,17407,13.7
IA,Boone,2227,8.7
IA,Bremer,1581,6.7
IA,Buchanan,1984,9.5
IA,Buena Vista,1903,10.2
IA,Butler,1492,10.5
IA,Calhoun,1032,11.5
IA,Carroll,1631,8.2
IA,Cass,1798,14.3
IA,Cedar,1433,7.8
IA,Cerro Gordo,3504,8.5
IA,Cherokee,1105,10.2
IA,Chickasaw,1012,8.5
IA,Clarke,1078,11.7
IA,Clay,1627,10.3
IA,Clayton,1910,11
IA,Clinton,6009,13.1
IA,Crawford,2074,12.5
IA,Dallas,3956,4.3
IA,Davis,1021,11.5
IA,Decatur,1309,18.3
IA,Delaware,1450,8.6
IA,Des Moines,5703,14.9
IA,Dickinson,1192,7
IA,Dubuque,10030,10.7
IA,Emmet,999,11.4
IA,Fayette,2489,13.2
IA,Floyd,1802,11.7
IA,Franklin,1105,11.2
IA,Fremont,789,11.6
IA,Greene,986,11.2
IA,Grundy,659,5.5
IA,Guthrie,929,8.8
IA,Hamilton,1320,9.1
IA,Hancock,945,9
IA,Hardin,1689,10.6
IA,Harrison,1206,8.7
IA,Henry,2142,11.7
IA,Howard,865,9.6
IA,Humboldt,1010,10.8
IA,Ida,704,10.5
IA,Iowa,1056,6.7
IA,Jackson,2362,12.3
IA,Jasper,2968,8.4
IA,Jefferson,2386,14.2
IA,Johnson,22937,16
IA,Jones,1844,9.5
IA,Keokuk,1150,11.4
IA,Kossuth,1506,10.3
IA,Lee,4859,15
IA,Linn,24600,11.1
IA,Louisa,999,9.2
IA,Lucas,1263,14.9
IA,Lyon,858,7.4
IA,Madison,1114,6.9
IA,Mahaska,2316,10.8
IA,Marion,2636,8.2
IA,Marshall,4947,13
IA,Mills,1283,8.8
IA,Mitchell,961,9.3
IA,Monona,1028,12.3
IA,Monroe,811,10.7
IA,Montgomery,1279,13.2
IA,Muscatine,4249,10.1
IA,O'Brien,1365,10.1
IA,Osceola,544,9.3
IA,Page,2020,14.9
IA,Palo Alto,952,11.1
IA,Plymouth,1796,7.2
IA,Pocahontas,654,10.1
IA,Polk,48468,10.1
IA,Pottawattamie,10002,11
IA,Poweshiek,1951,11.6
IA,Ringgold,713,15.1
IA,Sac,903,9.5
IA,Scott,20016,11.8
IA,Shelby,970,8.7
IA,Sioux,2272,7
IA,Story,13727,15.8
IA,Tama,2168,13.1
IA,Taylor,753,12.5
IA,Union,1433,12.1
IA,Van Buren,895,12.8
IA,Wapello,4842,14.2
IA,Warren,3621,7.3
IA,Washington,1971,9.1
IA,Wayne,1211,19.1
IA,Webster,4005,12.1
IA,Winnebago,1011,10.2
IA,Winneshiek,1549,8.6
IA,Woodbury,12882,12.8
IA,Worth,711,9.8
IA,Wright,1364,11
KS,Allen,2067,17.3
KS,Anderson,982,12.7
KS,Atchison,2051,13.8
KS,Barber,593,13.6
KS,Barton,3345,13.4
KS,Bourbon,2185,15.6
KS,Brown,1454,15.4
KS,Butler,5460,8.5
KS,Chase,285,11.4
KS,Chautauqua,518,16.4
KS,Cherokee,3016,15.4
KS,Cheyenne,301,11.6
KS,Clark,238,12.4
KS,Clay,780,10
KS,Cloud,1123,13.5
KS,Coffey,903,11.2
KS,Comanche,187,11.6
KS,Cowley,4416,13.5
KS,Crawford,6828,18.5
KS,Decatur,361,13.2
KS,Dickinson,1764,9.8
KS,Doniphan,810,11.4
KS,Douglas,17127,15.1
KS,Edwards,322,11.7
KS,Elk,481,19.4
KS,Ellis,3596,13.1
KS,Ellsworth,490,9.6
KS,Finney,4647,13
KS,Ford,4522,13.8
KS,Franklin,2594,10.4
KS,Geary,3586,11.7
KS,Gove,246,9.6
KS,Graham,288,11.8
KS,Grant,743,10.5
KS,Gray,448,7.6
KS,Greeley,131,10.9
KS,Greenwood,873,14.9
KS,Hamilton,332,13.1
KS,Harper,751,14.2
KS,Harvey,3058,9.3
KS,Haskell,379,9.7
KS,Hodgeman,184,10.4
KS,Jackson,1410,10.9
KS,Jefferson,1456,7.8
KS,Jewell,369,13
KS,Johnson,31666,5.3
KS,Kearny,389,10.4
KS,Kingman,783,11.3
KS,Kiowa,281,12.1
KS,Labette,3027,15.8
KS,Lane,157,10.3
KS,Leavenworth,6255,8.3
KS,Lincoln,350,12.1
KS,Linn,1148,12
KS,Logan,274,10
KS,Lyon,4790,15.1
KS,McPherson,1991,7.2
KS,Marion,1191,10.7
KS,Marshall,896,9.4
KS,Meade,380,9.7
KS,Miami,2294,6.8
KS,Mitchell,630,11.1
KS,Montgomery,4807,15.7
KS,Morris,582,10.5
KS,Morton,292,11.7
KS,Nemaha,872,8.8
KS,Neosho,2426,15.7
KS,Ness,283,10.6
KS,Norton,527,11.6
KS,Osage,2231,14.2
KS,Osborne,445,13.5
KS,Ottawa,553,9.9
KS,Pawnee,755,14
KS,Phillips,565,11
KS,Pottawatomie,1735,7.2
KS,Pratt,981,11.2
KS,Rawlins,352,14.2
KS,Reno,7882,13.4
KS,Republic,553,12.2
KS,Rice,1042,11.8
KS,Riley,13334,20.9
KS,Rooks,509,10.5
KS,Rush,362,12.2
KS,Russell,974,14.4
KS,Saline,6514,12.3
KS,Scott,372,7.9
KS,Sedgwick,64061,12.6
KS,Seward,2969,14.2
KS,Shawnee,16817,9.8
KS,Sheridan,294,11.8
KS,Sherman,725,12.5
KS,Smith,407,11.6
KS,Stafford,559,13.7
KS,Stanton,206,10.6
KS,Stevens,524,9.7
KS,Sumner,2542,11.4
KS,Thomas,670,9.1
KS,Trego,295,10.8
KS,Wabaunsee,472,6.9
KS,Wallace,181,12.1
KS,Washington,502,9.5
KS,Wichita,230,11
KS,Wilson,1110,13.3
KS,Woodson,440,14.3
KS,Wyandotte,33777,20.6
KY,Adair,3832,21.4
KY,Allen,3543,16.8
KY,Anderson,2294,10.2
KY,Ballard,1195,15.5
KY,Barren,8697,20.1
KY,Bath,2397,19.4
KY,Bell,7569,30.3
KY,Boone,9435,7.1
KY,Bourbon,2736,14.1
KY,Boyd,9186,20.6
KY,Boyle,4119,15.5
KY,Bracken,1156,14.1
KY,Breathitt,3609,29.2
KY,Breckinridge,3675,18.3
KY,Bullitt,6294,7.8
KY,Butler,2261,18
KY,Caldwell,1982,15.8
KY,Calloway,5875,16.5
KY,Campbell,9833,10.9
KY,Carlisle,725,15.5
KY,Carroll,1569,15.2
KY,Carter,5207,20
KY,Casey,3938,25.2
KY,Christian,12219,18.9
KY,Clark,4627,13
KY,Clay,5905,32.6
KY,Clinton,2353,23.4
KY,Crittenden,1646,19.2
KY,Cumberland,1492,23
KY,Daviess,15213,15.4
KY,Edmonson,1925,16
KY,Elliott,1775,27.7
KY,Estill,3161,22.7
KY,Fayette,47657,15.4
KY,Fleming,3065,21.1
KY,Floyd,9632,27.4
KY,Franklin,5680,11.5
KY,Fulton,1412,25.6
KY,Gallatin,1167,13.3
KY,Garrard,2741,15.7
KY,Grant,3256,13.3
KY,Graves,6551,17.9
KY,Grayson,5175,20.3
KY,Green,2010,18.6
KY,Greenup,5490,15.9
KY,Hancock,1055,12.2
KY,Hardin,11476,10.7
KY,Harlan,7918,31.1
KY,Harrison,2845,15.3
KY,Hart,3767,20.1
KY,Henderson,7172,16.3
KY,Henry,2337,14.7
KY,Hickman,703,16.9
KY,Hopkins,7829,18.1
KY,Jackson,3655,27.8
KY,Jefferson,106552,14.2
KY,Jessamine,5744,11
KY,Johnson,5575,25.8
KY,Kenton,18352,11.2
KY,Knott,4291,30.5
KY,Knox,9538,31.5
KY,Larue,2160,15.4
KY,Laurel,12793,21.4
KY,Lawrence,3546,23.4
KY,Lee,2220,34.9
KY,Leslie,3106,32.3
KY,Letcher,6158,28.9
KY,Lewis,3036,23.2
KY,Lincoln,4770,19.7
KY,Livingston,1110,12.2
KY,Logan,4080,15.3
KY,Lyon,1015,14.5
KY,McCracken,9947,15.5
KY,McCreary,5319,34.5
KY,McLean,1268,14
KY,Madison,15284,17.7
KY,Magoffin,3528,29.4
KY,Marion,3148,16.8
KY,Marshall,3596,11.8
KY,Martin,3353,34.4
KY,Mason,2619,15.7
KY,Meade,3206,11.4
KY,Menifee,1661,26.1
KY,Mercer,2990,13.8
KY,Metcalfe,2241,22.6
KY,Monroe,2263,21.7
KY,Montgomery,4373,15.8
KY,Morgan,2997,26.5
KY,Muhlenberg,5425,18.8
KY,Nelson,4773,10.5
KY,Nicholas,1236,17.3
KY,Ohio,3672,15.6
KY,Oldham,3070,4.9
KY,Owen,1703,15.7
KY,Owsley,1528,35.5
KY,Pendleton,1791,12.4
KY,Perry,6080,24.2
KY,Pike,13523,24
KY,Powell,2593,21.5
KY,Pulaski,14392,22.5
KY,Robertson,450,22
KY,Rockcastle,3425,21
KY,Rowan,4976,23.3
KY,Russell,3990,22.6
KY,Scott,4795,8.6
KY,Shelby,4449,9.4
KY,Simpson,2264,12.5
KY,Spencer,1403,7.3
KY,Taylor,3997,16.4
KY,Todd,2060,17.1
KY,Trigg,2119,14.6
KY,Trimble,996,11.9
KY,Union,2455,17.3
KY,Warren,19308,15.4
KY,Washington,1723,14.4
KY,Wayne,4736,23.8
KY,Webster,2032,16.3
KY,Whitley,7763,22.6
KY,Wolfe,2108,30.1
KY,Woodford,2162,8.3
LA,Acadia,12365,20.3
LA,Allen,4610,21.6
LA,Ascension,12011,9.6
LA,Assumption,4071,18.8
LA,Avoyelles,8980,24.4
LA,Beauregard,5167,14.3
LA,Bienville,3137,24.4
LA,Bossier,20339,16.4
LA,Caddo,56480,24.1
LA,Calcasieu,37742,18.9
LA,Caldwell,1818,19.5
LA,Cameron,949,13.7
LA,Catahoula,2275,26.4
LA,Claiborne,4135,32.5
LA,Concordia,4873,27.5
LA,De Soto,4898,18
LA,East Baton Rouge,76011,17.7
LA,East Carroll,2221,38.4
LA,East Feliciana,3130,18.7
LA,Evangeline,9115,28.6
LA,Franklin,4990,25.8
LA,Grant,3610,18.6
LA,Iberia,15059,21.9
LA,Iberville,5370,18.7
LA,Jackson,2827,19.2
LA,Jefferson,62709,14.6
LA,Jefferson Davis,5877,19.1
LA,Lafayette,39646,16.6
LA,Lafourche,16755,17.5
LA,La Salle,2300,16.9
LA,Lincoln,12361,29.5
LA,Livingston,16700,12
LA,Madison,3855,41.1
LA,Morehouse,7449,31
LA,Natchitoches,7047,19.6
LA,Orleans,88917,23.5
LA,Ouachita,35315,23.9
LA,Plaquemines,3450,15.1
LA,Pointe Coupee,4312,20
LA,Rapides,23052,18.3
LA,Red River,1970,23.9
LA,Richland,4810,25.1
LA,Sabine,4296,18.4
LA,St. Bernard,8967,19.2
LA,St. Charles,5824,11.1
LA,St. Helena,1952,19.6
LA,St. James,3455,16.6
LA,St. John the Baptist,6780,16
LA,St. Landry,18256,22.6
LA,St. Martin,9811,18.7
LA,St. Mary,11532,23.8
LA,St. Tammany,29707,11.5
LA,Tangipahoa,28408,21.7
LA,Tensas,1247,28.9
LA,Terrebonne,20691,19
LA,Union,4187,19.4
LA,Vermilion,10017,17
LA,Vernon,6850,15.3
LA,Washington,11062,24.9
LA,Webster,10967,29.6
LA,West Baton Rouge,3734,14.4
LA,West Carroll,2177,21
LA,West Feliciana,2261,22.1
LA,Winn,2852,23.4
ME,Androscoggin,10871,10.4
ME,Aroostook,10052,15.5
ME,Cumberland,22333,7.8
ME,Franklin,3653,12.6
ME,Hancock,5695,10.6
ME,Kennebec,13605,11.5
ME,Knox,4174,10.9
ME,Lincoln,3727,11
ME,Oxford,7414,13
ME,Penobscot,17894,12.4
ME,Piscataquis,2717,16.5
ME,Sagadahoc,3054,8.6
ME,Somerset,9059,18.3
ME,Waldo,5318,13.7
ME,Washington,6009,19.6
ME,York,15990,7.9
MD,Allegany,10038,16
MD,Anne Arundel,32641,5.8
MD,Baltimore,71496,8.9
MD,Calvert,5216,5.7
MD,Caroline,3990,12.1
MD,Carroll,8359,5.1
MD,Cecil,10469,10.3
MD,Charles,10268,6.4
MD,Dorchester,5160,16.4
MD,Frederick,14538,5.7
MD,Garrett,3644,12.8
MD,Harford,16851,6.7
MD,Howard,16216,5
MD,Kent,2242,12.4
MD,Montgomery,75836,7.3
MD,Prince George's,76853,8.7
MD,Queen Anne's,2967,6
MD,St. Mary's,8494,7.7
MD,Somerset,4775,23.6
MD,Talbot,3210,8.7
MD,Washington,17545,12.3
MD,Wicomico,15845,16
MD,Worcester,5103,9.9
MD,Baltimore city,115961,20.4
MA,Barnstable,13595,6.5
MA,Berkshire,13321,11.2
MA,Bristol,62413,11.3
MA,Dukes,1249,7.3
MA,Essex,68255,8.8
MA,Franklin,6403,9.3
MA,Hampden,62331,13.8
MA,Hampshire,15342,11.1
MA,Middlesex,108177,6.9
MA,Nantucket,620,5.5
MA,Norfolk,40148,5.8
MA,Plymouth,37885,7.4
MA,Suffolk,126266,16.7
MA,Worcester,75546,9.4
MI,Alcona,1846,18
MI,Alger,1020,12.6
MI,Allegan,12648,10.8
MI,Alpena,3894,13.9
MI,Antrim,2216,9.6
MI,Arenac,2528,17.2
MI,Baraga,984,13.7
MI,Barry,4749,7.8
MI,Bay,13645,13.4
MI,Benzie,1685,9.6
MI,Berrien,23806,15.9
MI,Branch,5462,13.2
MI,Calhoun,18085,13.9
MI,Cass,7558,14.8
MI,Charlevoix,2510,9.7
MI,Cheboygan,3716,14.9
MI,Chippewa,5966,18.3
MI,Clare,5982,19.6
MI,Clinton,6164,7.8
MI,Crawford,1933,14
MI,Delta,4844,13.8
MI,Dickinson,2457,9.9
MI,Eaton,8093,7.5
MI,Emmet,3029,9.2
MI,Genesee,66557,16.6
MI,Gladwin,3401,13.5
MI,Gogebic,2325,17.1
MI,Grand Traverse,6638,7.2
MI,Gratiot,5035,14.3
MI,Hillsdale,6771,15.3
MI,Houghton,4828,14.7
MI,Huron,4190,13.7
MI,Ingham,47655,17.3
MI,Ionia,6792,11.5
MI,Iosco,3495,14.2
MI,Iron,1473,13.7
MI,Isabella,14755,22.9
MI,Jackson,20500,13.7
MI,Kalamazoo,34247,13.3
MI,Kalkaska,2478,13.9
MI,Kent,72323,11.2
MI,Keweenaw,217,10.3
MI,Lake,2342,20.2
MI,Lapeer,8674,10.1
MI,Leelanau,1541,7.1
MI,Lenawee,11037,11.8
MI,Livingston,8415,4.4
MI,Luce,969,19.2
MI,Mackinac,1507,14.1
MI,Macomb,74273,8.6
MI,Manistee,2862,12.3
MI,Marquette,7321,11.8
MI,Mason,3992,13.9
MI,Mecosta,7976,19.9
MI,Menominee,3029,13.5
MI,Midland,7920,9.7
MI,Missaukee,1633,10.9
MI,Monroe,15223,10.2
MI,Montcalm,7559,12.4
MI,Montmorency,1321,14.4
MI,Muskegon,22745,13.5
MI,Newaygo,7576,15.7
MI,Oakland,96558,7.8
MI,Oceana,3880,14.8
MI,Ogemaw,3768,18.2
MI,Ontonagon,755,13.3
MI,Osceola,3376,14.6
MI,Oscoda,1258,15.4
MI,Otsego,2429,10
MI,Ottawa,22048,7.8
MI,Presque Isle,1344,10.8
MI,Roscommon,3636,15.3
MI,Saginaw,34239,18.6
MI,St. Clair,16375,10.4
MI,St. Joseph,7779,12.9
MI,Sanilac,5528,13.6
MI,Schoolcraft,1138,14.3
MI,Shiawassee,7344,10.9
MI,Tuscola,5948,11.6
MI,Van Buren,9697,13
MI,Washtenaw,44991,13
MI,Wayne,341821,19.8
MI,Wexford,4118,12.4
MN,Aitkin,1947,12.5
MN,Anoka,21793,6.2
MN,Becker,3447,10.2
MN,Beltrami,7357,16.3
MN,Benton,3465,8.6
MN,Big Stone,533,11
MN,Blue Earth,9729,15.2
MN,Brown,1763,7.4
MN,Carlton,3114,9.1
MN,Carver,4492,4.3
MN,Cass,3359,11.4
MN,Chippewa,1210,10.4
MN,Chisago,3403,6.2
MN,Clay,7283,11.9
MN,Clearwater,1002,11.5
MN,Cook,484,8.9
MN,Cottonwood,1182,10.8
MN,Crow Wing,6749,10.5
MN,Dakota,26714,6.3
MN,Dodge,1159,5.6
MN,Douglas,2375,6.3
MN,Faribault,1615,12.2
MN,Fillmore,1940,9.4
MN,Freeborn,2858,9.6
MN,Goodhue,3248,7.1
MN,Grant,519,8.8
MN,Hennepin,120032,9.7
MN,Houston,1430,7.8
MN,Hubbard,2386,11.2
MN,Isanti,2761,6.9
MN,Itasca,4946,11.2
MN,Jackson,953,9.8
MN,Kanabec,1632,10.1
MN,Kandiyohi,4136,9.8
MN,Kittson,386,9.2
MN,Koochiching,1559,13
MN,Lac qui Parle,614,9.5
MN,Lake,945,9
MN,Lake of the Woods,337,9.2
MN,Le Sueur,2027,7.1
MN,Lincoln,556,10.1
MN,Lyon,2609,10.6
MN,McLeod,2224,6.3
MN,Mahnomen,1158,21.3
MN,Marshall,691,7.5
MN,Martin,2041,10.5
MN,Meeker,1807,7.9
MN,Mille Lacs,2914,11.4
MN,Morrison,2944,8.9
MN,Mower,4539,11.5
MN,Murray,682,8.5
MN,Nicollet,3146,9.9
MN,Nobles,2334,11
MN,Norman,647,10.4
MN,Olmsted,10482,6.7
MN,Otter Tail,6331,11
MN,Pennington,1342,9.8
MN,Pine,3219,11.6
MN,Pipestone,986,11.1
MN,Polk,3266,10.8
MN,Pope,982,8.9
MN,Ramsey,66340,12.4
MN,Red Lake,397,9.9
MN,Redwood,1433,9.7
MN,Renville,1418,10
MN,Rice,4919,8.2
MN,Rock,785,8.7
MN,Roseau,902,6
MN,St. Louis,24428,12.8
MN,Scott,6157,4.2
MN,Sherburne,5170,5.5
MN,Sibley,1574,10.7
MN,Stearns,17305,11.2
MN,Steele,2262,6.3
MN,Stevens,1061,11.9
MN,Swift,864,9.5
MN,Todd,2874,11.8
MN,Traverse,374,11.9
MN,Wabasha,1803,8.4
MN,Wadena,1658,12.5
MN,Waseca,1569,8.9
MN,Washington,11924,4.6
MN,Watonwan,1081,10.1
MN,Wilkin,551,9.1
MN,Winona,5165,11
MN,Wright,7079,5.2
MN,Yellow Medicine,910,9.6
MS,Adams,7891,27.9
MS,Alcorn,6251,17.3
MS,Amite,2537,20.9
MS,Attala,4290,24.1
MS,Benton,1685,20.7
MS,Bolivar,10665,36.6
MS,Calhoun,2428,17.2
MS,Carroll,1641,17.2
MS,Chickasaw,3755,22.7
MS,Choctaw,1693,20.9
MS,Claiborne,2875,37.5
MS,Clarke,3573,23.2
MS,Clay,5635,29.7
MS,Coahoma,8210,38.2
MS,Copiah,6082,22.1
MS,Covington,3897,21.3
MS,DeSoto,17313,9.4
MS,Forrest,16776,23.3
MS,Franklin,1496,19.6
MS,George,3961,16.6
MS,Greene,2389,21.8
MS,Grenada,4162,20.3
MS,Hancock,7869,16.7
MS,Harrison,35341,17.5
MS,Hinds,44973,20.1
MS,Holmes,5447,33.8
MS,Humphreys,2949,37.1
MS,Issaquena,353,35.8
MS,Itawamba,2868,12.8
MS,Jackson,21371,15.1
MS,Jasper,3333,20.5
MS,Jefferson,1910,28.9
MS,Jefferson Davis,2676,24.3
MS,Jones,15816,23.8
MS,Kemper,2430,28
MS,Lafayette,8642,17.5
MS,Lamar,10059,16
MS,Lauderdale,15208,21.5
MS,Lawrence,2466,19.7
MS,Leake,5007,23.8
MS,Lee,12271,14.6
MS,Leflore,9631,35.7
MS,Lincoln,6564,19.6
MS,Lowndes,9836,17.2
MS,Madison,10541,10.1
MS,Marion,5661,23.8
MS,Marshall,6777,20.3
MS,Monroe,6211,17.9
MS,Montgomery,2285,23.7
MS,Neshoba,6228,21.7
MS,Newton,4163,20.3
MS,Noxubee,2989,29.2
MS,Oktibbeha,14067,31.1
MS,Panola,7738,22.8
MS,Pearl River,9767,18.1
MS,Perry,2358,19.9
MS,Pike,10040,26.2
MS,Pontotoc,5041,15.9
MS,Prentiss,3814,15.7
MS,Quitman,2322,35
MS,Rankin,16526,11.1
MS,Scott,5485,19.7
MS,Sharkey,1415,33.4
MS,Simpson,4656,17.8
MS,Smith,2988,18.9
MS,Stone,3144,18.5
MS,Sunflower,7156,34
MS,Tallahatchie,4304,37.9
MS,Tate,4114,15.1
MS,Tippah,3500,16.2
MS,Tishomingo,3242,17
MS,Tunica,2666,28.1
MS,Union,3694,13
MS,Walthall,3063,21.7
MS,Warren,9016,20.1
MS,Washington,14550,33.7
MS,Wayne,4447,22.2
MS,Webster,1631,17
MS,Wilkinson,2340,31.2
MS,Winston,4441,25.4
MS,Yalobusha,2906,24.4
MS,Yazoo,8253,36.4
MO,Adair,4308,19.2
MO,Andrew,1559,8.9
MO,Atchison,648,12.9
MO,Audrain,3797,16.3
MO,Barry,6569,18.6
MO,Barton,1737,15
MO,Bates,2674,16.9
MO,Benton,3208,16.7
MO,Bollinger,1734,14.5
MO,Boone,29399,17.2
MO,Buchanan,13094,15.8
MO,Butler,9362,22.5
MO,Caldwell,1197,13.6
MO,Callaway,4735,11.6
MO,Camden,6149,13.5
MO,Cape Girardeau,10909,14.6
MO,Carroll,1183,13.8
MO,Carter,1176,19.8
MO,Cass,8226,7.9
MO,Cedar,2529,17.9
MO,Chariton,901,12.5
MO,Christian,9091,10.4
MO,Clark,943,14.2
MO,Clay,22470,9.1
MO,Clinton,1968,9.9
MO,Cole,7628,10.6
MO,Cooper,1896,11.8
MO,Crawford,3656,15.6
MO,Dade,1180,15.9
MO,Dallas,2954,17.8
MO,Daviess,1425,17.6
MO,DeKalb,1329,14.6
MO,Dent,2917,19
MO,Douglas,2434,18.7
MO,Dunklin,7569,26.7
MO,Franklin,9546,9.3
MO,Gasconade,1671,11.6
MO,Gentry,740,11.5
MO,Greene,40634,14.4
MO,Grundy,1774,18.7
MO,Harrison,1266,15.4
MO,Henry,3729,17.3
MO,Hickory,1712,18.2
MO,Holt,508,11.8
MO,Howard,1205,13
MO,Howell,8213,20.8
MO,Iron,2046,20.8
MO,Jackson,94823,13.7
MO,Jasper,22258,18.8
MO,Jefferson,18767,8.4
MO,Johnson,5724,11.4
MO,Knox,645,16.7
MO,Laclede,5544,15.8
MO,Lafayette,3430,10.7
MO,Lawrence,6046,16.1
MO,Lewis,1503,16.6
MO,Lincoln,5456,9.4
MO,Linn,2207,18.9
MO,Livingston,1984,15
MO,McDonald,4173,18.5
MO,Macon,1842,12.5
MO,Madison,1982,16.7
MO,Maries,1229,14.3
MO,Marion,3776,13.9
MO,Mercer,453,12.7
MO,Miller,3818,15.1
MO,Mississippi,3130,27.7
MO,Moniteau,1617,11
MO,Monroe,1143,13.4
MO,Montgomery,1482,13.3
MO,Morgan,3594,17.8
MO,New Madrid,3758,22.5
MO,Newton,7511,13.2
MO,Nodaway,3302,17.8
MO,Oregon,2132,20.6
MO,Osage,1199,9.1
MO,Ozark,2056,22.7
MO,Pemiscot,4178,26.9
MO,Perry,1710,9.1
MO,Pettis,5349,12.9
MO,Phelps,7069,17
MO,Pike,2802,17.6
MO,Platte,5451,5.3
MO,Polk,6005,19.6
MO,Pulaski,6185,14.6
MO,Putnam,725,15.7
MO,Ralls,1026,10
MO,Randolph,3710,16.5
MO,Ray,2076,9.2
MO,Reynolds,1333,21.7
MO,Ripley,2581,19.7
MO,St. Charles,18379,4.6
MO,St. Clair,1771,19.3
MO,Ste. Genevieve,1698,9.7
MO,St. Francois,10201,17
MO,St. Louis,90474,9.3
MO,Saline,3357,15.7
MO,Schuyler,953,20.8
MO,Scotland,688,14.4
MO,Scott,6730,17.9
MO,Shannon,1827,22.6
MO,Shelby,906,15.8
MO,Stoddard,5249,18.4
MO,Stone,4873,15.4
MO,Sullivan,935,15.6
MO,Taney,6818,12.6
MO,Texas,4923,21
MO,Vernon,3367,17.1
MO,Warren,3521,10
MO,Washington,5269,22.4
MO,Wayne,2620,20.6
MO,Webster,6236,16.2
MO,Worth,292,14.9
MO,Wright,3534,19.6
MO,St. Louis city,59238,20.4
MT,Beaverhead,1302,14.5
MT,Big Horn,3430,26.1
MT,Blaine,1401,21.3
MT,Broadwater,556,9
MT,Carbon,1078,10.1
MT,Carter,175,14.2
MT,Cascade,11259,14.2
MT,Chouteau,857,15.4
MT,Custer,1427,13
MT,Daniels,180,11
MT,Dawson,955,11.8
MT,Deer Lodge,1350,15.9
MT,Fallon,272,9.7
MT,Fergus,1418,13.2
MT,Flathead,9689,9.4
MT,Gallatin,11486,10.3
MT,Garfield,206,16.4
MT,Glacier,3449,25.7
MT,Golden Valley,155,19.7
MT,Granite,417,12.5
MT,Hill,2517,15.7
MT,Jefferson,967,8
MT,Judith Basin,290,14.5
MT,Lake,5181,17.2
MT,Lewis and Clark,6393,9.4
MT,Liberty,425,19
MT,Lincoln,3440,17.4
MT,McCone,238,14.5
MT,Madison,823,9.7
MT,Meagher,282,15.7
MT,Mineral,681,15.6
MT,Missoula,13748,11.8
MT,Musselshell,758,16.5
MT,Park,1940,11.8
MT,Petroleum,72,14.8
MT,Phillips,557,14.3
MT,Pondera,995,17.5
MT,Powder River,227,13.8
MT,Powell,846,16.3
MT,Prairie,138,13.1
MT,Ravalli,4859,11.2
MT,Richland,945,8.8
MT,Roosevelt,2617,24.3
MT,Rosebud,1437,16.3
MT,Sanders,1994,16.7
MT,Sheridan,399,12.3
MT,Silver Bow,5175,15.3
MT,Stillwater,887,9.3
MT,Sweet Grass,380,10.3
MT,Teton,799,13.5
MT,Toole,650,15.8
MT,Treasure,85,12.2
MT,Valley,932,12.8
MT,Wheatland,377,18.3
MT,Wibaux,106,11.3
MT,Yellowstone,17752,11.3
NE,Adams,3181,10.6
NE,Antelope,761,12.2
NE,Arthur,63,13.6
NE,Banner,84,11.3
NE,Blaine,74,15.9
NE,Boone,509,10
NE,Box Butte,1096,10.3
NE,Boyd,263,14.1
NE,Brown,337,11.6
NE,Buffalo,5480,11.6
NE,Burt,636,10.1
NE,Butler,644,8.2
NE,Cass,1361,5.3
NE,Cedar,707,8.6
NE,Chase,348,9.1
NE,Cherry,601,10.7
NE,Cheyenne,884,10.1
NE,Clay,647,10.6
NE,Colfax,868,8.2
NE,Cuming,774,8.9
NE,Custer,1252,11.8
NE,Dakota,2083,10.6
NE,Dawes,1280,16.4
NE,Dawson,2762,11.9
NE,Deuel,201,11.2
NE,Dixon,480,8.7
NE,Dodge,3349,9.5
NE,Douglas,57105,10.2
NE,Dundy,223,13.4
NE,Fillmore,448,8.5
NE,Franklin,421,14.3
NE,Frontier,321,12.9
NE,Furnas,557,12.2
NE,Gage,2363,11.2
NE,Garden,272,15
NE,Garfield,231,12.1
NE,Gosper,172,8.9
NE,Grant,60,9.6
NE,Greeley,286,12.5
NE,Hall,6123,10.2
NE,Hamilton,593,6.5
NE,Harlan,366,11
NE,Hayes,138,15
NE,Hitchcock,309,11.3
NE,Holt,1098,11.1
NE,Hooker,54,8.2
NE,Howard,641,10.1
NE,Jefferson,655,9.5
NE,Johnson,448,11.2
NE,Kearney,488,7.7
NE,Keith,885,11.1
NE,Keya Paha,152,18.9
NE,Kimball,433,12.2
NE,Knox,986,12.2
NE,Lancaster,32535,10.7
NE,Lincoln,3682,10.8
NE,Logan,66,8.9
NE,Loup,100,15.2
NE,McPherson,62,12.6
NE,Madison,3446,10.2
NE,Merrick,832,11
NE,Morrill,598,13.2
NE,Nance,351,10.3
NE,Nemaha,768,11.8
NE,Nuckolls,458,11.2
NE,Otoe,1304,8.3
NE,Pawnee,334,13.1
NE,Perkins,269,9.5
NE,Phelps,873,10
NE,Pierce,655,9.3
NE,Platte,2960,9
NE,Polk,354,6.9
NE,Red Willow,1231,12
NE,Richardson,946,12.3
NE,Rock,184,13.9
NE,Saline,1212,9.2
NE,Sarpy,10930,5.9
NE,Saunders,1462,6.9
NE,Scotts Bluff,4494,13
NE,Seward,1138,7.2
NE,Sheridan,738,14.5
NE,Sherman,362,12.4
NE,Sioux,185,15.9
NE,Stanton,410,7
NE,Thayer,527,10.8
NE,Thomas,100,13.9
NE,Thurston,1769,24.9
NE,Valley,425,10.4
NE,Washington,1386,6.8
NE,Wayne,987,11.8
NE,Webster,414,12.3
NE,Wheeler,96,12.3
NE,York,1205,9.4
NV,Churchill,2871,11.7
NV,Clark,296767,13.3
NV,Douglas,3930,8.1
NV,Elko,5714,11
NV,Esmeralda,120,13.8
NV,Eureka,201,9.9
NV,Humboldt,1829,11
NV,Lander,602,10.9
NV,Lincoln,674,13.8
NV,Lyon,5831,10.2
NV,Mineral,708,15.9
NV,Nye,7317,16.1
NV,Pershing,864,17.6
NV,Storey,290,7
NV,Washoe,49598,10.7
NV,White Pine,1126,13.7
NV,Carson City,6458,12.2
NH,Belknap,5139,8.6
NH,Carroll,4370,9
NH,Cheshire,6977,9.7
NH,Coos,4062,13.9
NH,Grafton,7601,9.2
NH,Hillsborough,30494,7.5
NH,Merrimack,9194,6.4
NH,Rockingham,15522,5.1
NH,Strafford,10645,8.8
NH,Sullivan,4305,10.1
NJ,Atlantic,29057,11.3
NJ,Bergen,52980,5.7
NJ,Burlington,24961,5.7
NJ,Camden,53641,10.7
NJ,Cape May,8853,9.8
NJ,Cumberland,19261,13.8
NJ,Essex,107745,13.8
NJ,Gloucester,21602,7.5
NJ,Hudson,90976,13.7
NJ,Hunterdon,4794,4
NJ,Mercer,41600,11.9
NJ,Middlesex,68514,8.5
NJ,Monmouth,37725,6.2
NJ,Morris,25678,5.3
NJ,Ocean,53950,9
NJ,Passaic,65342,13.3
NJ,Salem,7000,11.4
NJ,Somerset,17409,5.4
NJ,Sussex,7180,5.2
NJ,Union,50094,9.1
NJ,Warren,7313,7.1
NM,Bernalillo,103458,15.5
NM,Catron,723,20.6
NM,Chaves,11376,18.1
NM,Cibola,6137,25.5
NM,Colfax,1961,17
NM,Curry,8868,18.7
NM,DeBaca,323,18.6
NM,Dona Ana,50726,23.8
NM,Eddy,6474,11.2
NM,Grant,4772,18.1
NM,Guadalupe,874,23.5
NM,Harding,96,15.4
NM,Hidalgo,942,22.9
NM,Lea,10399,15.1
NM,Lincoln,2657,13.7
NM,Los Alamos,683,3.5
NM,Luna,5488,23.8
NM,McKinley,21294,30.1
NM,Mora,956,21.2
NM,Otero,13054,20.1
NM,Quay,1781,21.7
NM,Rio Arriba,8542,22.2
NM,Roosevelt,3257,18.8
NM,Sandoval,14627,10
NM,San Juan,24358,19.9
NM,San Miguel,6239,23.8
NM,Santa Fe,18378,12.4
NM,Sierra,2899,27.6
NM,Socorro,4171,26
NM,Taos,5922,18.2
NM,Torrance,3198,21.6
NM,Union,684,20.3
NM,Valencia,13210,17.6
NY,Albany,33970,11.7
NY,Allegany,7491,17.9
NY,Bronx,361834,26.2
NY,Broome,31962,17.8
NY,Cattaraugus,10821,14.7
NY,Cayuga,10058,13.8
NY,Chautauqua,19896,16.3
NY,Chemung,11221,14.1
NY,Chenango,6368,13.7
NY,Clinton,10950,14.8
NY,Columbia,5883,10.1
NY,Cortland,7542,17.3
NY,Delaware,5290,12.6
NY,Dutchess,23693,8.6
NY,Erie,118386,13.3
NY,Essex,4338,12.4
NY,Franklin,8017,18.1
NY,Fulton,8533,16.4
NY,Genesee,5825,10.5
NY,Greene,5589,12.6
NY,Hamilton,433,9.8
NY,Herkimer,8235,13.7
NY,Jefferson,15168,14.6
NY,Kings,446923,17.7
NY,Lewis,3208,12.4
NY,Livingston,7916,13.8
NY,Madison,6488,9.8
NY,Monroe,90791,12.7
NY,Montgomery,7652,15.9
NY,Nassau,74435,5.6
NY,New York,222672,14.1
NY,Niagara,25407,12.4
NY,Oneida,31586,14.6
NY,Onondaga,61412,13.8
NY,Ontario,8645,8.1
NY,Orange,46013,12.3
NY,Orleans,5020,13.2
NY,Oswego,17530,15.6
NY,Otsego,8809,16.2
NY,Putnam,5016,5.2
NY,Queens,245941,11
NY,Rensselaer,17506,11.5
NY,Richmond,42807,9.1
NY,Rockland,40031,12.5
NY,St. Lawrence,18348,18.9
NY,Saratoga,13482,6
NY,Schenectady,18363,12.1
NY,Schoharie,3600,12.1
NY,Schuyler,2763,15.7
NY,Seneca,4302,13.7
NY,Steuben,14089,15
NY,Suffolk,97920,6.8
NY,Sullivan,11745,16.1
NY,Tioga,4485,9.4
NY,Tompkins,15079,16.9
NY,Ulster,20451,12
NY,Warren,6399,10.1
NY,Washington,6917,11.9
NY,Wayne,10093,11.4
NY,Westchester,79545,8.4
NY,Wyoming,3598,9.9
NY,Yates,3271,13.9
NC,Alamance,23890,14.6
NC,Alexander,4193,11.7
NC,Alleghany,1862,16.9
NC,Anson,4861,21.4
NC,Ashe,3946,14.6
NC,Avery,2481,16.4
NC,Beaufort,8164,17.6
NC,Bertie,4256,24.2
NC,Bladen,6876,21.2
NC,Brunswick,14423,10.2
NC,Buncombe,31045,12.2
NC,Burke,16123,18.4
NC,Cabarrus,16932,7.9
NC,Caldwell,9728,12
NC,Camden,819,7.6
NC,Carteret,7102,10.4
NC,Caswell,3438,16.2
NC,Catawba,20898,13.3
NC,Chatham,6400,8.7
NC,Cherokee,4997,17.7
NC,Chowan,2528,18.5
NC,Clay,1554,14
NC,Cleveland,18230,19
NC,Columbus,11654,22.3
NC,Craven,13385,13.8
NC,Cumberland,57342,18
NC,Currituck,2419,8.8
NC,Dare,3284,8.9
NC,Davidson,25099,15.2
NC,Davie,4632,10.9
NC,Duplin,10288,17.7
NC,Durham,43009,14
NC,Edgecombe,10625,21
NC,Forsyth,56484,15.2
NC,Franklin,7908,11.6
NC,Gaston,25710,11.6
NC,Gates,1680,14.7
NC,Graham,1391,16.8
NC,Granville,8313,14.6
NC,Greene,3715,20.2
NC,Guilford,83004,16
NC,Halifax,11533,23.8
NC,Harnett,20597,15.6
NC,Haywood,6536,10.6
NC,Henderson,12349,10.6
NC,Hertford,4829,23
NC,Hoke,9149,16.9
NC,Hyde,853,19.2
NC,Iredell,14812,8.2
NC,Jackson,7661,19.3
NC,Johnston,25901,12.5
NC,Jones,1747,18.8
NC,Lee,8634,14.2
NC,Lenoir,12750,23.1
NC,Lincoln,7682,9
NC,McDowell,6048,13.6
NC,Macon,5093,14.3
NC,Madison,3020,14.6
NC,Martin,4589,20.6
NC,Mecklenburg,112863,10.3
NC,Mitchell,2180,14.8
NC,Montgomery,4218,16.1
NC,Moore,11254,11.3
NC,Nash,15065,16.4
NC,New Hanover,29519,13
NC,Northampton,4042,21.6
NC,Onslow,22029,12.5
NC,Orange,18446,13.4
NC,Pamlico,1899,15.9
NC,Pasquotank,5386,14.3
NC,Pender,7117,11.5
NC,Perquimans,2007,15
NC,Person,5998,15.4
NC,Pitt,33512,19.2
NC,Polk,2476,12.1
NC,Randolph,19996,14.1
NC,Richmond,11234,25.8
NC,Robeson,39748,31.5
NC,Rockingham,16504,18.4
NC,Rowan,19063,13.9
NC,Rutherford,12158,18.5
NC,Sampson,10471,16.8
NC,Scotland,9168,28.5
NC,Stanly,6470,10.7
NC,Stokes,5844,13
NC,Surry,11338,16
NC,Swain,2253,16.1
NC,Transylvania,4388,13.1
NC,Tyrrell,861,25.4
NC,Union,17281,7.3
NC,Vance,8143,18.5
NC,Wake,87375,8
NC,Warren,4083,21.7
NC,Washington,2438,21.3
NC,Watauga,10793,21.4
NC,Wayne,22456,18.6
NC,Wilkes,10228,15.2
NC,Wilson,17258,21.5
NC,Yadkin,5189,13.9
NC,Yancey,2537,14.2
ND,Adams,232,10.7
ND,Barnes,977,9.9
ND,Benson,1578,23.3
ND,Billings,90,9.7
ND,Bottineau,586,9.7
ND,Bowman,238,8
ND,Burke,185,8.8
ND,Burleigh,6304,6.9
ND,Cass,20189,11.4
ND,Cavalier,336,9.1
ND,Dickey,494,10.6
ND,Divide,239,10.8
ND,Dunn,428,9.8
ND,Eddy,222,10
ND,Emmons,434,13.7
ND,Foster,276,8.8
ND,Golden Valley,206,12.1
ND,Grand Forks,8769,13.2
ND,Grant,337,14.9
ND,Griggs,207,9.5
ND,Hettinger,290,12.5
ND,Kidder,348,14.1
ND,LaMoure,485,12.2
ND,Logan,237,13.2
ND,McHenry,685,12.1
ND,McIntosh,335,13.9
ND,McKenzie,1107,7.4
ND,McLean,876,9.4
ND,Mercer,624,7.7
ND,Morton,2416,7.9
ND,Mountrail,1000,9.5
ND,Nelson,315,11.2
ND,Oliver,207,10.6
ND,Pembina,583,8.8
ND,Pierce,434,11.6
ND,Ramsey,1361,12.3
ND,Ransom,438,8.7
ND,Renville,202,8.9
ND,Richland,1904,12.4
ND,Rolette,3632,25.9
ND,Sargent,290,7.5
ND,Sheridan,219,16.7
ND,Sioux,1333,32.1
ND,Slope,101,13.5
ND,Stark,2622,8.5
ND,Steele,139,7.4
ND,Stutsman,2064,10.8
ND,Towner,231,10.7
ND,Traill,618,8
ND,Walsh,1221,11.7
ND,Ward,5859,9
ND,Wells,464,12.4
ND,Williams,2366,6.4
OH,Adams,5200,19.1
OH,Allen,12452,12.9
OH,Ashland,6407,12.6
OH,Ashtabula,17508,18.7
OH,Athens,14839,26.6
OH,Auglaize,3297,7.3
OH,Belmont,7355,11.6
OH,Brown,5162,12.1
OH,Butler,43439,11.7
OH,Carroll,2992,11.3
OH,Champaign,2941,7.7
OH,Clark,18960,14.6
OH,Clermont,16710,8.2
OH,Clinton,6041,14.8
OH,Columbiana,12955,13.2
OH,Coshocton,4517,12.5
OH,Crawford,6000,14.7
OH,Cuyahoga,195758,16.2
OH,Darke,6115,12.1
OH,Defiance,3264,8.8
OH,Delaware,9863,4.8
OH,Erie,8414,11.6
OH,Fairfield,12549,8.1
OH,Fayette,3777,13.6
OH,Franklin,172890,13.5
OH,Fulton,2889,6.9
OH,Gallia,4790,16.5
OH,Geauga,5083,5.5
OH,Greene,15932,9.9
OH,Guernsey,5946,15.5
OH,Hamilton,116077,14.6
OH,Hancock,6877,9.3
OH,Hardin,4078,13.9
OH,Harrison,2133,14.5
OH,Henry,2000,7.5
OH,Highland,6643,15.6
OH,Hocking,4177,15
OH,Holmes,3952,9.2
OH,Huron,5719,10
OH,Jackson,5491,17.2
OH,Jefferson,10733,17.1
OH,Knox,6664,11.3
OH,Lake,18914,8.3
OH,Lawrence,9482,16.2
OH,Licking,16038,9.3
OH,Logan,4751,10.5
OH,Lorain,41735,13.9
OH,Lucas,75402,18
OH,Madison,3808,9.6
OH,Mahoning,40346,18.4
OH,Marion,8736,14.8
OH,Medina,9739,5.5
OH,Meigs,3570,15.8
OH,Mercer,2710,6.7
OH,Miami,9324,8.8
OH,Monroe,1881,14
OH,Montgomery,78917,15.3
OH,Morgan,2236,15.7
OH,Morrow,2967,8.5
OH,Muskingum,12866,15.3
OH,Noble,1657,14.2
OH,Ottawa,3215,8.1
OH,Paulding,1816,9.8
OH,Perry,5333,15
OH,Pickaway,6177,11.5
OH,Pike,5191,19.1
OH,Portage,18371,11.9
OH,Preble,3602,8.9
OH,Putnam,2397,7.2
OH,Richland,15313,13.5
OH,Ross,10803,15.2
OH,Sandusky,5489,9.6
OH,Scioto,15739,21.9
OH,Seneca,6338,12.1
OH,Shelby,4374,9.1
OH,Stark,46938,13
OH,Summit,75226,14.2
OH,Trumbull,29809,15.4
OH,Tuscarawas,10162,11.2
OH,Union,3033,5.4
OH,Van Wert,2359,8.5
OH,Vinton,2417,18.7
OH,Warren,10308,4.5
OH,Washington,6395,11
OH,Wayne,11062,9.9
OH,Williams,3324,9.3
OH,Wood,13819,11.2
OH,Wyandot,1609,7.5
OK,Adair,5192,23.6
OK,Alfalfa,735,15.8
OK,Atoka,2493,19.2
OK,Beaver,557,10.6
OK,Beckham,4131,20.8
OK,Blaine,1387,14.9
OK,Bryan,8070,17.3
OK,Caddo,5502,20.6
OK,Canadian,11747,8.1
OK,Carter,6760,14.3
OK,Cherokee,10049,21.4
OK,Choctaw,3247,22.5
OK,Cimarron,379,17.8
OK,Cleveland,31942,11.7
OK,Coal,978,18.1
OK,Comanche,19406,17.6
OK,Cotton,1042,18.6
OK,Craig,2434,18.2
OK,Creek,9655,13.7
OK,Custer,4327,15.8
OK,Delaware,7437,17.5
OK,Dewey,553,11.6
OK,Ellis,494,13
OK,Garfield,7520,12.7
OK,Garvin,4267,15.6
OK,Grady,6604,12.1
OK,Grant,474,11.2
OK,Greer,1102,24.1
OK,Harmon,604,23.7
OK,Harper,403,11.1
OK,Haskell,2525,20.2
OK,Hughes,2511,21.4
OK,Jackson,4113,17.3
OK,Jefferson,1218,20.8
OK,Johnston,2261,21
OK,Kay,6812,16.1
OK,Kingfisher,1389,8.9
OK,Kiowa,1864,21.9
OK,Latimer,1753,18.5
OK,Le Flore,9848,20.5
OK,Lincoln,4799,13.9
OK,Logan,5729,12.4
OK,Love,1356,13.4
OK,McClain,2869,7.1
OK,McCurtain,7079,21.9
OK,McIntosh,3801,19.7
OK,Major,1005,13.4
OK,Marshall,3030,18.2
OK,Mayes,7166,17.7
OK,Murray,2049,14.9
OK,Muskogee,14622,22.7
OK,Noble,1346,12.3
OK,Nowata,1484,15
OK,Okfuskee,3010,27.4
OK,Oklahoma,116741,14.9
OK,Okmulgee,6916,18.7
OK,Osage,6758,14.9
OK,Ottawa,5569,18.5
OK,Pawnee,2449,15.2
OK,Payne,16969,23
OK,Pittsburg,8136,19.7
OK,Pontotoc,5087,13.9
OK,Pottawatomie,10272,14.8
OK,Pushmataha,2613,23.9
OK,Roger Mills,478,13.4
OK,Rogers,9458,10.4
OK,Seminole,5192,22
OK,Sequoyah,8864,21.6
OK,Stephens,6272,14.8
OK,Texas,2844,14.7
OK,Tillman,1420,20.4
OK,Tulsa,91457,14.3
OK,Wagoner,6639,8.2
OK,Washington,6540,12.9
OK,Washita,1343,12.6
OK,Woods,1179,15.2
OK,Woodward,2306,12.2
OR,Baker,2139,13.6
OR,Benton,14418,16.5
OR,Clackamas,29818,7.2
OR,Clatsop,4779,12
OR,Columbia,4444,8.6
OR,Coos,9867,15.6
OR,Crook,2627,10.9
OR,Curry,3054,13.4
OR,Deschutes,18047,9.2
OR,Douglas,12949,11.8
OR,Gilliam,204,10.9
OR,Grant,1088,15.3
OR,Harney,1031,14.2
OR,Hood River,1943,8.4
OR,Jackson,29613,13.6
OR,Jefferson,3546,15
OR,Josephine,13663,15.9
OR,Klamath,11225,16.7
OR,Lake,1259,17
OR,Lane,52146,13.9
OR,Lincoln,7208,14.6
OR,Linn,16161,12.6
OR,Malheur,5732,21
OR,Marion,41154,12.2
OR,Morrow,1465,12.7
OR,Multnomah,95902,12
OR,Polk,7949,9.4
OR,Sherman,222,12.5
OR,Tillamook,3182,12
OR,Umatilla,10260,13.9
OR,Union,3513,13.6
OR,Wallowa,875,12.3
OR,Wasco,3174,12.2
OR,Washington,48575,8.2
OR,Wheeler,231,17.7
OR,Yamhill,10838,10.6
PA,Adams,7548,7.6
PA,Allegheny,127238,10.8
PA,Armstrong,7076,11.1
PA,Beaver,18879,11.7
PA,Bedford,4928,10.4
PA,Berks,41916,10.2
PA,Blair,17657,14.9
PA,Bradford,8527,14.3
PA,Bucks,35075,5.7
PA,Butler,14280,7.8
PA,Cambria,18583,14.9
PA,Cameron,613,14
PA,Carbon,6198,9.8
PA,Centre,22610,15.9
PA,Chester,30184,5.9
PA,Clarion,5162,14.1
PA,Clearfield,10064,13.7
PA,Clinton,4898,13.4
PA,Columbia,8996,14.7
PA,Crawford,10129,12.6
PA,Cumberland,17269,7.2
PA,Dauphin,30942,11.3
PA,Delaware,54091,9.9
PA,Elk,2902,9.8
PA,Erie,42666,16.6
PA,Fayette,21995,17.5
PA,Forest,1196,26
PA,Franklin,12313,8.1
PA,Fulton,1749,12.2
PA,Greene,4708,14.2
PA,Huntingdon,5212,13
PA,Indiana,11048,14
PA,Jefferson,6962,16.4
PA,Juniata,2538,10.4
PA,Lackawanna,28812,14.2
PA,Lancaster,55968,10.5
PA,Lawrence,10271,12.3
PA,Lebanon,14381,10.4
PA,Lehigh,41397,11.5
PA,Luzerne,46326,15.2
PA,Lycoming,14642,13.6
PA,Mc Kean,5487,14.6
PA,Mercer,13469,13.1
PA,Mifflin,6036,13.3
PA,Monroe,20201,12.2
PA,Montgomery,48819,6
PA,Montour,1598,9.1
PA,Northampton,23228,7.9
PA,Northumberland,11561,13.3
PA,Perry,4066,8.9
PA,Philadelphia,352748,23
PA,Pike,5054,9.2
PA,Potter,1904,11.7
PA,Schuylkill,15767,11.7
PA,Snyder,3881,10.3
PA,Somerset,8552,12.5
PA,Sullivan,762,12.9
PA,Susquehanna,4507,11.3
PA,Tioga,5254,13.4
PA,Union,4334,12
PA,Venango,6213,12.5
PA,Warren,5153,13.5
PA,Washington,19860,9.9
PA,Wayne,5867,12.4
PA,Westmoreland,35870,10.5
PA,Wyoming,2573,9.9
PA,York,40477,9.2
RI,Bristol,3110,6.8
RI,Kent,13152,8.1
RI,Newport,6666,8.5
RI,Providence,85644,14
RI,Washington,9524,8
SC,Abbeville,3508,14.8
SC,Aiken,21071,12.5
SC,Allendale,2313,30.2
SC,Anderson,25717,12.9
SC,Bamberg,3226,24.2
SC,Barnwell,5115,24.9
SC,Beaufort,18979,10.2
SC,Berkeley,23953,10.7
SC,Calhoun,2613,18.2
SC,Charleston,46853,11.7
SC,Cherokee,8951,16
SC,Chester,5651,17.7
SC,Chesterfield,8937,19.9
SC,Clarendon,8053,25.1
SC,Colleton,7823,21
SC,Darlington,12767,19.6
SC,Dillon,8022,26.8
SC,Dorchester,14871,9.3
SC,Edgefield,3839,15.7
SC,Fairfield,4198,19.1
SC,Florence,22950,17
SC,Georgetown,10842,17.5
SC,Greenville,54815,10.7
SC,Greenwood,12277,18
SC,Hampton,4136,23.2
SC,Horry,44197,12.7
SC,Jasper,4941,17.2
SC,Kershaw,9088,13.8
SC,Lancaster,11258,11.8
SC,Laurens,12447,19.1
SC,Lee,3890,25.4
SC,Lexington,35210,11.9
SC,McCormick,1533,18.1
SC,Marion,7562,24.9
SC,Marlboro,6750,28.9
SC,Newberry,5198,14
SC,Oconee,10268,13.1
SC,Orangeburg,21821,26.3
SC,Pickens,18055,15.3
SC,Richland,62567,16.2
SC,Saluda,3247,16.1
SC,Spartanburg,40129,12.9
SC,Sumter,18444,17.8
SC,Union,5347,19.9
SC,Williamsburg,8148,27.8
SC,York,23679,8.6
SD,Aurora,271,10.2
SD,Beadle,2317,12.9
SD,Bennett,1051,31.6
SD,Bon Homme,767,14.1
SD,Brookings,3767,11.9
SD,Brown,3526,9.4
SD,Brule,654,12.6
SD,Buffalo,775,39.8
SD,Butte,1326,12.9
SD,Campbell,143,10.5
SD,Charles Mix,1873,21.2
SD,Clark,421,12.1
SD,Clay,2264,19
SD,Codington,2691,9.7
SD,Corson,1640,40.3
SD,Custer,834,9.6
SD,Davison,2227,11.7
SD,Day,698,13.2
SD,Deuel,372,8.7
SD,Dewey,1615,27.6
SD,Douglas,312,11.2
SD,Edmunds,388,10.7
SD,Fall River,901,13.9
SD,Faulk,329,15.7
SD,Grant,640,9.1
SD,Gregory,637,15.5
SD,Haakon,212,11.4
SD,Hamlin,531,8.9
SD,Hand,322,10.3
SD,Hanson,260,7.9
SD,Harding,151,11.9
SD,Hughes,1491,8.9
SD,Hutchinson,708,10.5
SD,Hyde,145,11.5
SD,Jackson,988,29.9
SD,Jerauld,310,16.3
SD,Jones,116,12.9
SD,Kingsbury,409,8.5
SD,Lake,1150,9.5
SD,Lawrence,3105,12.4
SD,Lincoln,2312,3.8
SD,Lyman,786,21.1
SD,McCook,493,9.2
SD,McPherson,428,19.5
SD,Marshall,557,11.8
SD,Meade,2400,8.7
SD,Mellette,668,33.3
SD,Miner,227,10.5
SD,Minnehaha,16209,8.7
SD,Moody,564,8.7
SD,Oglala Lakota,5653,40.1
SD,Pennington,13383,12
SD,Perkins,409,14.5
SD,Potter,217,10.4
SD,Roberts,1993,19.6
SD,Sanborn,282,12.6
SD,Spink,698,11.5
SD,Stanley,238,7.7
SD,Sully,114,8.2
SD,Todd,4388,43.4
SD,Tripp,995,18.8
SD,Turner,827,10.1
SD,Union,999,6.3
SD,Walworth,796,15.1
SD,Yankton,2088,10.1
SD,Ziebach,1310,47.7
TN,Anderson,11559,15.3
TN,Bedford,6825,13.9
TN,Benton,2792,17.6
TN,Bledsoe,3366,27.3
TN,Blount,13649,10.5
TN,Bradley,15228,14.5
TN,Campbell,8565,21.9
TN,Cannon,1875,13
TN,Carroll,4456,16.8
TN,Carter,10664,19.3
TN,Cheatham,3849,9.6
TN,Chester,2374,14.8
TN,Claiborne,6021,19.7
TN,Clay,1514,20.1
TN,Cocke,8117,22.8
TN,Coffee,8000,14.4
TN,Crockett,2213,15.8
TN,Cumberland,7929,13.3
TN,Davidson,84547,12.6
TN,Decatur,1827,16
TN,DeKalb,3624,18
TN,Dickson,5353,10.1
TN,Dyer,6298,17.3
TN,Fayette,4527,11.2
TN,Fentress,3799,20.9
TN,Franklin,5557,13.9
TN,Gibson,6834,14.3
TN,Giles,3834,13.4
TN,Grainger,3939,17.1
TN,Greene,10706,15.9
TN,Grundy,2810,21.4
TN,Hamblen,9165,14.4
TN,Hamilton,45523,12.7
TN,Hancock,1701,26.4
TN,Hardeman,4070,19.2
TN,Hardin,4413,17.5
TN,Hawkins,10113,18.1
TN,Haywood,3524,20.7
TN,Henderson,4370,15.8
TN,Henry,5795,18.3
TN,Hickman,3830,16.3
TN,Houston,1427,17.8
TN,Humphreys,2388,13.1
TN,Jackson,1977,17.1
TN,Jefferson,6622,12.5
TN,Johnson,4045,25.2
TN,Knox,61334,13.4
TN,Lake,1705,35.5
TN,Lauderdale,4503,19.3
TN,Lawrence,7250,16.7
TN,Lewis,1827,15.2
TN,Lincoln,4343,12.8
TN,Loudon,5182,9.7
TN,McMinn,7620,14.5
TN,McNairy,4287,17
TN,Macon,3733,15.5
TN,Madison,16421,17.6
TN,Marion,4374,15.3
TN,Marshall,4431,13.1
TN,Maury,8059,8.5
TN,Meigs,1972,16.1
TN,Monroe,7571,16.5
TN,Montgomery,24633,12
TN,Moore,638,10
TN,Morgan,4185,22
TN,Obion,4317,14.6
TN,Overton,3744,17.1
TN,Perry,1143,14.4
TN,Pickett,881,17.8
TN,Polk,2518,15.3
TN,Putnam,12434,16.1
TN,Rhea,4953,15.4
TN,Roane,7687,14.6
TN,Robertson,7424,10.5
TN,Rutherford,32610,10
TN,Scott,4770,22
TN,Sequatchie,2569,17.4
TN,Sevier,12541,12.9
TN,Shelby,157667,17.2
TN,Smith,3042,15.3
TN,Stewart,1740,12.9
TN,Sullivan,23452,15.1
TN,Sumner,16330,8.6
TN,Tipton,6316,10.5
TN,Trousdale,1367,15.8
TN,Unicoi,2762,15.8
TN,Union,3601,18.3
TN,Van Buren,887,15.5
TN,Warren,6449,15.9
TN,Washington,19811,15.8
TN,Wayne,2495,17.3
TN,Weakley,5604,17.7
TN,White,4289,16
TN,Williamson,10228,4.3
TN,Wilson,10536,7.4
TX,Anderson,8702,19.8
TX,Andrews,1888,10.2
TX,Angelina,13131,15.6
TX,Aransas,4313,18.7
TX,Archer,877,10.3
TX,Armstrong,194,10.6
TX,Atascosa,7434,14.7
TX,Austin,3312,11.1
TX,Bailey,1093,15.9
TX,Bandera,2947,12.9
TX,Bastrop,12091,14
TX,Baylor,546,15.9
TX,Bee,5938,24
TX,Bell,48565,13.8
TX,Bexar,298018,15.2
TX,Blanco,1022,8.6
TX,Borden,69,10.6
TX,Bosque,2513,13.7
TX,Bowie,14627,16.8
TX,Brazoria,31116,8.6
TX,Brazos,42898,20
TX,Brewster,1198,13.1
TX,Briscoe,232,15
TX,Brooks,2082,29.6
TX,Brown,4965,13.7
TX,Burleson,2506,13.8
TX,Burnet,4943,10.5
TX,Caldwell,6044,14.4
TX,Calhoun,3088,14.7
TX,Callahan,1675,12.1
TX,Cameron,106976,25.5
TX,Camp,2151,16.6
TX,Carson,504,8.5
TX,Cass,5103,17.3
TX,Castro,1138,15.3
TX,Chambers,3761,8.6
TX,Cherokee,8221,16.5
TX,Childress,1217,21.9
TX,Clay,1191,11.5
TX,Cochran,545,19.5
TX,Coke,437,13.1
TX,Coleman,1429,17.7
TX,Collin,62612,6.1
TX,Collingsworth,566,19.8
TX,Colorado,2867,13.6
TX,Comal,10407,6.7
TX,Comanche,1818,13.5
TX,Concho,404,15.1
TX,Cooke,5155,12.7
TX,Coryell,7529,11.8
TX,Cottle,264,18.9
TX,Crane,451,9.6
TX,Crockett,476,13.8
TX,Crosby,1247,22.1
TX,Culberson,424,19.7
TX,Dallam,821,11.4
TX,Dallas,363567,14
TX,Dawson,2338,20.6
TX,Deaf Smith,3104,17
TX,Delta,844,16
TX,Denton,56476,6.5
TX,DeWitt,3135,17.1
TX,Dickens,366,19.4
TX,Dimmit,2537,25.3
TX,Donley,500,16.4
TX,Duval,2515,23.9
TX,Eastland,2926,16.7
TX,Ector,19781,12.1
TX,Edwards,399,20.7
TX,Ellis,15932,8.7
TX,El Paso,154504,18.8
TX,Erath,5937,15.2
TX,Falls,3314,21.6
TX,Fannin,4287,13.2
TX,Fayette,2710,10.9
TX,Fisher,508,13.3
TX,Floyd,979,17.3
TX,Foard,190,17
TX,Fort Bend,53151,6.6
TX,Franklin,1528,14.4
TX,Freestone,2801,15.5
TX,Frio,4664,27.7
TX,Gaines,2820,13.2
TX,Galveston,38181,11.3
TX,Garza,1067,24.2
TX,Gillespie,2271,8.5
TX,Glasscock,111,7.9
TX,Goliad,1011,13.4
TX,Gonzales,3325,16.2
TX,Gray,2888,14.5
TX,Grayson,15459,11.6
TX,Gregg,19832,16.5
TX,Grimes,4119,15.9
TX,Guadalupe,12234,7.4
TX,Hale,5483,17.9
TX,Hall,739,25.4
TX,Hamilton,1185,14.3
TX,Hansford,622,11.7
TX,Hardeman,750,19.2
TX,Hardin,6924,12.1
TX,Harris,701075,15
TX,Harrison,11600,17.8
TX,Hartley,383,8.6
TX,Haskell,1061,20.7
TX,Hays,24895,11.2
TX,Hemphill,344,9.1
TX,Henderson,14246,17.5
TX,Hidalgo,231032,26.9
TX,Hill,4700,13.1
TX,Hockley,3436,15.5
TX,Hood,5581,9.2
TX,Hopkins,5370,14.7
TX,Houston,4230,20.9
TX,Howard,5281,17
TX,Hudspeth,1343,28
TX,Hunt,14114,14.8
TX,Hutchinson,2351,11.4
TX,Irion,114,7.4
TX,Jack,1212,15.6
TX,Jackson,1996,13.8
TX,Jasper,6747,19.5
TX,Jeff Davis,278,12.7
TX,Jefferson,39998,16.9
TX,Jim Hogg,1181,22.8
TX,Jim Wells,8385,21
TX,Johnson,19035,11
TX,Jones,3032,20.4
TX,Karnes,2644,21
TX,Kaufman,13108,9.8
TX,Kendall,3468,7.4
TX,Kenedy,57,14.2
TX,Kent,81,11.5
TX,Kerr,6310,12.5
TX,Kimble,730,17
TX,King,30,11
TX,Kinney,629,18.9
TX,Kleberg,6804,23.3
TX,Knox,679,19.1
TX,Lamar,9050,18.4
TX,Lamb,2346,18.5
TX,Lampasas,2627,12.4
TX,La Salle,1561,26.6
TX,Lavaca,2163,11
TX,Lee,1791,10.7
TX,Leon,2494,14.4
TX,Liberty,11967,14.4
TX,Limestone,4190,19.2
TX,Lipscomb,395,12.4
TX,Live Oak,1825,16.5
TX,Llano,2338,10.8
TX,Loving,12,7.1
TX,Lubbock,53478,17.9
TX,Lynn,944,16
TX,McCulloch,1379,17.6
TX,McLennan,44574,18
TX,McMullen,77,10.5
TX,Madison,2090,17.8
TX,Marion,2070,21.4
TX,Martin,695,12.1
TX,Mason,500,11.7
TX,Matagorda,6335,17.5
TX,Maverick,15491,26.9
TX,Medina,5997,12.2
TX,Menard,435,20.7
TX,Midland,17401,9.9
TX,Milam,3965,16.3
TX,Mills,623,13.2
TX,Mitchell,1303,19.5
TX,Montague,2517,12.9
TX,Montgomery,53807,8.9
TX,Moore,2463,11.9
TX,Morris,2220,18.1
TX,Motley,210,17.6
TX,Nacogdoches,12571,20.9
TX,Navarro,6586,13.4
TX,Newton,2933,22.8
TX,Nolan,2496,17.5
TX,Nueces,58465,16.5
TX,Ochiltree,1115,11.4
TX,Oldham,245,13.1
TX,Orange,10307,12.5
TX,Palo Pinto,4960,17.2
TX,Panola,3266,14.3
TX,Parker,11524,8.2
TX,Parmer,1123,11.8
TX,Pecos,2562,18.7
TX,Polk,7839,16.7
TX,Potter,22514,20.3
TX,Presidio,1286,19.2
TX,Rains,1667,13.4
TX,Randall,12178,9
TX,Reagan,340,8.9
TX,Real,597,17.7
TX,Red River,2322,19.6
TX,Reeves,2833,22.1
TX,Refugio,1224,18
TX,Roberts,63,7.4
TX,Robertson,3499,20.7
TX,Rockwall,4991,4.8
TX,Runnels,1729,17.2
TX,Rusk,7426,15.4
TX,Sabine,1834,17.6
TX,San Augustine,1799,22.5
TX,San Jacinto,4809,16.8
TX,San Patricio,9507,14.4
TX,San Saba,1104,20.7
TX,Schleicher,417,15
TX,Scurry,2217,14.7
TX,Shackelford,413,12.7
TX,Shelby,5346,21.4
TX,Sherman,331,11.1
TX,Smith,29285,12.9
TX,Somervell,842,9.4
TX,Starr,20741,32.5
TX,Stephens,1477,17
TX,Sterling,134,10.7
TX,Stonewall,199,15.1
TX,Sutton,494,13.1
TX,Swisher,1393,20.6
TX,Tarrant,211454,10.2
TX,Taylor,18724,14
TX,Terrell,136,17.5
TX,Terry,2438,21.6
TX,Throckmorton,209,13.9
TX,Titus,5246,16.3
TX,Tom Green,14713,12.9
TX,Travis,134983,10.8
TX,Trinity,2597,17.9
TX,Tyler,3380,17.2
TX,Upshur,6124,14.9
TX,Upton,495,13.8
TX,Uvalde,5174,19.8
TX,Val Verde,9786,20.8
TX,Van Zandt,7586,13.6
TX,Victoria,12924,14.3
TX,Walker,11810,21.4
TX,Waller,6687,13.2
TX,Ward,1462,12.4
TX,Washington,3534,10.6
TX,Webb,57053,20.9
TX,Wharton,6711,16.4
TX,Wheeler,579,11.6
TX,Wichita,16584,13.9
TX,Wilbarger,1841,14.9
TX,Willacy,5482,30.5
TX,Williamson,31514,5.4
TX,Wilson,4172,8.3
TX,Winkler,983,12.5
TX,Wise,5745,8.3
TX,Wood,6231,14.3
TX,Yoakum,916,10.6
TX,Young,2405,13.6
TX,Zapata,4243,30.1
TX,Zavala,3374,29.6
UT,Beaver,589,8.9
UT,Box Elder,4147,7.5
UT,Cache,16243,13.1
UT,Carbon,3255,16.4
UT,Daggett,64,6.7
UT,Davis,19344,5.5
UT,Duchesne,2787,14.2
UT,Emery,1084,10.9
UT,Garfield,460,9.4
UT,Grand,1174,12.2
UT,Iron,7013,13.1
UT,Juab,1070,9
UT,Kane,717,9.4
UT,Millard,1542,11.8
UT,Morgan,486,4
UT,Piute,227,15.7
UT,Rich,230,9.3
UT,Salt Lake,103036,9
UT,San Juan,3295,21.9
UT,Sanpete,3699,13.1
UT,Sevier,2590,12.1
UT,Summit,1968,4.7
UT,Tooele,3829,5.3
UT,Uintah,3920,11.1
UT,Utah,60411,9.7
UT,Wasatch,1699,5
UT,Washington,16590,9.5
UT,Wayne,319,11.8
UT,Weber,17647,6.9
VT,Addison,2690,7.9
VT,Bennington,3399,10
VT,Caledonia,3561,12.3
VT,Chittenden,16084,10.5
VT,Essex,908,14.8
VT,Franklin,4699,9.6
VT,Grand Isle,581,8.1
VT,Lamoille,2231,9.1
VT,Orange,2652,9.4
VT,Orleans,3333,12.7
VT,Rutland,6033,10.8
VT,Washington,4673,8.4
VT,Windham,4776,11.6
VT,Windsor,5005,9.2
VA,Accomack,5225,16.4
VA,Albemarle,6882,6.7
VA,Alleghany,1680,11.5
VA,Amelia,1211,9.3
VA,Amherst,3645,12
VA,Appomattox,1991,12.6
VA,Arlington,17774,7.6
VA,Augusta,5260,7.3
VA,Bath,406,9.9
VA,Bedford,6766,8.6
VA,Bland,749,13.4
VA,Botetourt,1895,5.7
VA,Brunswick,2935,20.9
VA,Buchanan,4332,21.7
VA,Buckingham,2516,16.8
VA,Campbell,5845,10.8
VA,Caroline,2883,9.6
VA,Carroll,4110,13.9
VA,Charles,870,12.5
VA,Charlotte,2257,19.3
VA,Chesterfield,22943,6.6
VA,Clarke,911,6.3
VA,Craig,572,11.2
VA,Culpeper,4709,9.2
VA,Cumberland,1371,13.8
VA,Dickenson,3330,24.2
VA,Dinwiddie,2982,10.7
VA,Essex,1747,16.2
VA,Fairfax,68543,6
VA,Fauquier,4310,6.1
VA,Floyd,1783,11.4
VA,Fluvanna,1883,7.3
VA,Franklin,6315,11.5
VA,Frederick,5731,6.5
VA,Giles,1890,11.4
VA,Gloucester,3194,8.6
VA,Goochland,1420,6.2
VA,Grayson,2719,18.8
VA,Greene,1482,7.6
VA,Greensville,1929,24.5
VA,Halifax,5655,17.1
VA,Hanover,5393,5.1
VA,Henrico,28486,8.7
VA,Henry,7277,14.6
VA,Highland,271,12.4
VA,Isle of Wight,3351,9.1
VA,James,4366,5.8
VA,King and Queen,820,11.7
VA,King George,1553,5.9
VA,King William,1179,6.9
VA,Lancaster,1383,13.3
VA,Lee,5939,27.1
VA,Loudoun,12909,3.1
VA,Louisa,3559,9.5
VA,Lunenburg,2140,19.2
VA,Madison,1224,9.3
VA,Mathews,766,8.8
VA,Mecklenburg,5137,17.3
VA,Middlesex,1411,13.8
VA,Montgomery,18158,20.5
VA,Nelson,1748,11.8
VA,New Kent,1131,5
VA,Northampton,2077,18.1
VA,Northumberland,1533,12.7
VA,Nottoway,2789,21.5
VA,Orange,3534,9.7
VA,Page,2668,11.3
VA,Patrick,2674,15.5
VA,Pittsylvania,8960,15.1
VA,Powhatan,1547,5.4
VA,Prince Edward,3852,20.6
VA,Prince George,2842,8.3
VA,Prince William,28463,6.1
VA,Pulaski,4796,14.6
VA,Rappahannock,622,8.5
VA,Richmond,1303,17.8
VA,Roanoke,5918,6.5
VA,Rockbridge,2525,11.5
VA,Rockingham,6482,8.1
VA,Russell,5272,20
VA,Scott,3069,14.8
VA,Shenandoah,4421,10.3
VA,Smyth,4849,16.5
VA,Southampton,2132,13.3
VA,Spotsylvania,8903,6.6
VA,Stafford,8097,5.4
VA,Surry,761,11.9
VA,Sussex,1851,21.6
VA,Tazewell,8417,21.7
VA,Warren,3803,9.7
VA,Washington,6396,12.3
VA,Westmoreland,2843,15.9
VA,Wise,7039,20.4
VA,Wythe,3645,12.8
VA,York,3441,5.1
VA,Alexandria,13593,8.6
VA,Bristol,3604,21.8
VA,Buena Vista,1024,17.2
VA,Charlottesville,9965,22.1
VA,Chesapeake,19812,8.3
VA,Colonial Heights,1613,9.4
VA,Covington,785,14.5
VA,Danville,9023,23.5
VA,Emporia,1044,20.5
VA,Fairfax,1667,7.1
VA,Falls Church,512,3.5
VA,Franklin,1507,19.2
VA,Fredericksburg,4463,16.9
VA,Galax,1151,19
VA,Hampton,17926,13.8
VA,Harrisonburg,11299,24.9
VA,Hopewell,4287,19.3
VA,Lexington,1073,22.9
VA,Lynchburg,11947,16.8
VA,Manassas,3031,7.4
VA,Manassas Park,1095,6.3
VA,Martinsville,2377,19.5
VA,Newport News,25769,15.1
VA,Norfolk,39553,19
VA,Norton,756,19.3
VA,Petersburg,6643,21.6
VA,Poquoson,645,5.3
VA,Portsmouth,16860,18.5
VA,Radford,4503,30.5
VA,Richmond,42010,19.2
VA,Roanoke,19049,19.5
VA,Salem,2197,9.4
VA,Staunton,2706,11.3
VA,Suffolk,8906,9.8
VA,Virginia Beach,31898,7.3
VA,Waynesboro,2746,12.3
VA,Williamsburg,1937,18.2
VA,Winchester,3588,13.3
WA,Adams,3309,16.8
WA,Asotin,3092,13.8
WA,Benton,21437,10.6
WA,Chelan,9332,12.2
WA,Clallam,8476,11.2
WA,Clark,44548,9.2
WA,Columbia,484,12.3
WA,Cowlitz,13729,12.6
WA,Douglas,4724,10.9
WA,Ferry,1354,18
WA,Franklin,12409,13.5
WA,Garfield,283,12.9
WA,Grant,13377,13.9
WA,Grays Harbor,9422,13.1
WA,Island,6037,7.3
WA,Jefferson,3993,12.6
WA,King,171116,7.7
WA,Kitsap,19787,7.5
WA,Kittitas,6326,14
WA,Klickitat,3013,13.5
WA,Lewis,9726,12.2
WA,Lincoln,981,9.1
WA,Mason,8143,12.8
WA,Okanogan,6828,16.4
WA,Pacific,2996,13.5
WA,Pend Oreille,2191,16.1
WA,Pierce,83128,9.4
WA,San Juan,1414,8.1
WA,Skagit,14314,11.2
WA,Skamania,1246,10.4
WA,Snohomish,56935,7
WA,Spokane,65750,12.9
WA,Stevens,6738,14.9
WA,Thurston,26105,9.1
WA,Wahkiakum,477,10.8
WA,Walla Walla,7099,12.7
WA,Whatcom,28310,12.7
WA,Whitman,11367,26.3
WA,Yakima,41218,16.7
WV,Barbour,2848,18.4
WV,Berkeley,12942,11
WV,Boone,4017,18.9
WV,Braxton,2477,18.3
WV,Brooke,2551,12
WV,Cabell,16337,18.5
WV,Calhoun,1524,21.6
WV,Clay,1891,22.5
WV,Doddridge,1376,18.8
WV,Fayette,8321,20.6
WV,Gilmer,1536,25.5
WV,Grant,1497,13.2
WV,Greenbrier,5814,17.2
WV,Hampshire,3311,14.6
WV,Hancock,3559,12.5
WV,Hardy,1929,14.2
WV,Harrison,7353,11.1
WV,Jackson,4716,16.7
WV,Jefferson,5529,9.9
WV,Kanawha,28499,16.3
WV,Lewis,3039,19.5
WV,Lincoln,3990,19.7
WV,Logan,6827,21.9
WV,McDowell,5894,33.8
WV,Marion,7939,14.6
WV,Marshall,4081,13.7
WV,Mason,3994,15.5
WV,Mercer,10768,18.7
WV,Mineral,3266,12.5
WV,Mingo,6329,27.3
WV,Monongalia,18887,19.1
WV,Monroe,2070,15.7
WV,Morgan,1851,10.5
WV,Nicholas,4558,18.8
WV,Ohio,5504,14.1
WV,Pendleton,927,13.5
WV,Pleasants,875,13
WV,Pocahontas,1270,16.1
WV,Preston,4491,14.3
WV,Putnam,4962,8.9
WV,Raleigh,12090,17.4
WV,Randolph,4403,16.8
WV,Ritchie,1674,17.9
WV,Roane,2628,19.4
WV,Summers,2724,23.5
WV,Taylor,2690,16.7
WV,Tucker,1014,15.3
WV,Tyler,1302,15.4
WV,Upshur,3994,17.5
WV,Wayne,7654,19.6
WV,Webster,1744,21.8
WV,Wetzel,2432,16.3
WV,Wirt,1015,17.5
WV,Wood,11627,14.1
WV,Wyoming,4634,22.9
WI,Adams,2231,11.6
WI,Ashland,2655,17.8
WI,Barron,3968,8.9
WI,Bayfield,1533,10.3
WI,Brown,25456,9.9
WI,Buffalo,1227,9.5
WI,Burnett,1926,12.6
WI,Calumet,2701,5.4
WI,Chippewa,5460,8.8
WI,Clark,4605,13.5
WI,Columbia,3776,6.7
WI,Crawford,1789,11.6
WI,Dane,50163,9.4
WI,Dodge,6512,8
WI,Door,2549,9.3
WI,Douglas,4810,11.5
WI,Dunn,4911,11.7
WI,Eau Claire,10586,10.6
WI,Florence,463,10.9
WI,Fond du Lac,7326,7.3
WI,Forest,1443,16.3
WI,Grant,6278,13.4
WI,Green,2350,6.4
WI,Green Lake,2181,11.7
WI,Iowa,2240,9.5
WI,Iron,709,12.7
WI,Jackson,2385,12.4
WI,Jefferson,5824,7.1
WI,Juneau,3391,13.4
WI,Kenosha,16248,9.8
WI,Kewaunee,1496,7.4
WI,La Crosse,13280,11.8
WI,Lafayette,1868,11.3
WI,Langlade,2441,13
WI,Lincoln,2455,9.1
WI,Manitowoc,6899,8.8
WI,Marathon,11026,8.2
WI,Marinette,4548,11.5
WI,Marquette,1535,10
WI,Menominee,1139,25.3
WI,Milwaukee,156647,16.9
WI,Monroe,4936,10.9
WI,Oconto,3506,9.3
WI,Oneida,3117,8.9
WI,Outagamie,13110,7.1
WI,Ozaukee,3926,4.5
WI,Pepin,643,9
WI,Pierce,3900,9.8
WI,Polk,3723,8.6
WI,Portage,7995,11.8
WI,Price,1959,14.9
WI,Racine,23688,12.4
WI,Richland,2115,12.5
WI,Rock,19755,12.3
WI,Rusk,1714,12.3
WI,St. Croix,5285,5.9
WI,Sauk,6471,10.2
WI,Sawyer,2063,12.7
WI,Shawano,3851,9.6
WI,Sheboygan,9051,8.1
WI,Taylor,1942,9.7
WI,Trempealeau,2598,8.9
WI,Vernon,4297,14.1
WI,Vilas,2460,11.2
WI,Walworth,9532,9.5
WI,Washburn,1990,12.8
WI,Washington,6942,5.1
WI,Waukesha,18915,4.7
WI,Waupaca,4329,8.8
WI,Waushara,2863,12.4
WI,Winnebago,15965,9.7
WI,Wood,7734,10.7
WY,Albany,5861,16
WY,Big Horn,1400,12.1
WY,Campbell,3506,7.7
WY,Carbon,1638,11.7
WY,Converse,1256,9.2
WY,Crook,604,8
WY,Fremont,4937,12.9
WY,Goshen,1557,13
WY,Hot Springs,472,10.9
WY,Johnson,751,9
WY,Laramie,9194,9.5
WY,Lincoln,1381,7
WY,Natrona,7735,9.9
WY,Niobrara,316,15.1
WY,Park,2936,10.3
WY,Platte,949,11.5
WY,Sheridan,2500,8.5
WY,Sublette,701,7.2
WY,Sweetwater,3453,8.3
WY,Teton,1396,6
WY,Uinta,1699,8.5
WY,Washakie,845,11.1
WY,Weston,692,10.5
